Job ID,Job URL,Job Title,Company Name,Status,Timestamp,WP ID
372c6ec4df400c04,https://zw.linkedin.com/jobs/view/technical-field-manager-team-leader-zimbabwe-at-mag-mines-advisory-group-4436705802,"Technical Field Manager - Team Leader, Zimbabwe",,scraped,2026-07-07T01:39:02.806147,
486f077e53f03300,https://zw.linkedin.com/jobs/view/clothing-factory-machinist-at-midlands-state-university-4435300131,CLOTHING FACTORY MACHINIST,Midlands State University,posted,2026-07-07T01:39:19.552492,21
3879f40cc3102f5b,https://zw.linkedin.com/jobs/view/grants-officer-1-at-midlands-state-university-4437151292,GRANTS OFFICER (1),Midlands State University,posted,2026-07-07T01:39:31.003846,23
66c8f87b20536405,https://zw.linkedin.com/jobs/view/junior-manager-camp-operations-at-wilderness-4433756480,Junior Manager- Camp Operations,,scraped,2026-07-07T01:39:33.360078,
06039c5008350658,https://zw.linkedin.com/jobs/view/shona%E2%80%93english-transcription-specialist-remote-at-crossing-hurdles-4426931354,Shona–English Transcription Specialist | Remote,,scraped,2026-07-07T01:39:39.885809,
ecc9fe04c106ade1,https://zw.linkedin.com/jobs/view/embroidery-machine-operator-fixed-term-contract-at-midlands-state-university-4437131998,EMBROIDERY MACHINE OPERATOR (FIXED TERM CONTRACT),Midlands State University,posted,2026-07-07T01:40:34.918818,25
43fc415ff52203df,https://zw.linkedin.com/jobs/view/innovation-lead-ict-1-at-midlands-state-university-4437145453,INNOVATION LEAD ICT (1),Midlands State University,posted,2026-07-07T01:40:44.970725,27
598874fcde9905cb,https://zw.linkedin.com/jobs/view/growth-marketer-at-onlinejobs-ph-4432325033,Growth Marketer,,scraped,2026-07-07T01:40:47.431350,
7e14bff62d497ebe,https://zw.linkedin.com/jobs/view/lecturer-senior-lecturer-associate-professor-professor-tourism-and-hospitality-management-%E2%80%93-1-post-%E2%80%93-gweru-campus-at-midlands-state-university-4435303069,LECTURER/SENIOR LECTURER/ASSOCIATE PROFESSOR/PROFESSOR (TOURISM AND HOSPITALITY MANAGEMENT) – 1 POST – GWERU CAMPUS,Midlands State University,posted,2026-07-07T01:41:26.239194,29
4a8bb429e11aefdc,https://zw.linkedin.com/jobs/view/z26293-assistant-research-associate-maize-product-development-at-cimmyt-4436709924,Z26293 Assistant Research Associate - Maize Product Development,,scraped,2026-07-07T01:41:28.946777,
6e9123c5455b65ae,https://zw.linkedin.com/jobs/view/eoi-mobility-resources-management-officer-rmo-p-at-iom-un-migration-4436103146,EOI Mobility: Resources Management Officer (RMO) (P),IOM - UN Migration,posted,2026-07-07T01:41:45.769505,31
ff16830fa9ceb8cd,https://zw.linkedin.com/jobs/view/videographer-and-editor-at-rhino-creative-4433965349,Videographer And Editor,,scraped,2026-07-07T01:41:48.384154,
55644737f129e125,https://zw.linkedin.com/jobs/view/zimbabwe-language-school-franchise-partnership-at-lingua-learn-franchise-group-4437145668,Zimbabwe Language School Franchise Partnership,Lingua Learn Franchise Group,posted,2026-07-07T01:42:15.087450,33
a135cc81b2d19121,https://zw.linkedin.com/jobs/view/portfolio-manager-at-old-mutual-south-africa-4436709630,Portfolio Manager,,scraped,2026-07-07T01:42:17.577721,
3e1497de70e46680,https://zw.linkedin.com/jobs/view/associate-director-lions-and-landscapes-at-wildlife-conservation-network-4436059713,"Associate Director, Lions and Landscapes",,scraped,2026-07-07T01:42:24.253703,
9b03edd2994b1236,https://zw.linkedin.com/jobs/view/graphics-designer-machine-operator-4433909011,GRAPHICS DESIGNER & MACHINE OPERATOR,Roonie's Star Pvt Ltd,posted,2026-07-07T01:43:05.050617,35
ce2824c0b756ddcb,https://zw.linkedin.com/jobs/view/shona-bilingual-experts-remote-at-crossing-hurdles-4426915413,Shona Bilingual Experts | Remote,,scraped,2026-07-07T01:43:07.723802,
7d90a1decc77e4f2,https://zw.linkedin.com/jobs/view/general-manager-luxury-safari-lodge-private-game-reserve-at-minor-hotels-4432358520,General Manager; Luxury Safari Lodge & Private Game Reserve,,scraped,2026-07-07T01:43:14.678373,
b7445ba57bc77cfd,https://zw.linkedin.com/jobs/view/general-manager-luxury-safari-lodge-private-game-reserve-at-anantara-hotels-resorts-4435534082,General Manager; Luxury Safari Lodge & Private Game Reserve,,scraped,2026-07-07T01:43:21.639662,
ed2b4782d6026aec,https://zw.linkedin.com/jobs/view/pool-hostess-at-hyatt-regency-4436752105,Pool Hostess,Hyatt Regency,posted,2026-07-07T01:43:58.323342,37
7c453435fadaf70d,https://zw.linkedin.com/jobs/view/swimming-lifesaver-1-post-%E2%80%93-gweru-campus-at-midlands-state-university-4437136661,SWIMMING LIFESAVER (1 POST) – GWERU CAMPUS,Midlands State University,posted,2026-07-07T12:18:15.484469,39
8db7929ebd03646e,https://zw.linkedin.com/jobs/view/quantity-surveyor-at-gashu-enterprises-private-limited-4433981682,Quantity Surveyor,,scraped,2026-07-07T12:18:19.928610,
53cdd1743acba213,https://zw.linkedin.com/jobs/view/butcher-at-hyatt-regency-4436749182,Butcher,Hyatt Regency,posted,2026-07-07T12:18:32.114337,41
e2b3fc85557c1532,https://zw.linkedin.com/jobs/view/quality-control-officer-at-sandvik-4435838376,Quality Control Officer,,scraped,2026-07-07T12:18:34.521558,
d202e23b50def352,https://zw.linkedin.com/jobs/view/accounts-receivable-supervisor-at-crystal-candy-limited-4434535256,Accounts Receivable Supervisor,CRYSTAL CANDY LIMITED,posted,2026-07-07T12:18:48.990495,43
ed41de8edb7b89bb,https://zw.linkedin.com/jobs/view/resort-manager-at-precision-recruitment-international-4432338948,Resort Manager,,scraped,2026-07-07T12:18:51.598427,
fa76065b362b7e8f,https://zw.linkedin.com/jobs/view/branch-manager-chisipite-zimbabwe-at-hungry-lion-4434528112,"Branch Manager - Chisipite, Zimbabwe",,scraped,2026-07-07T12:19:00.355573,
a0bae5c6d97ae14d,https://zw.linkedin.com/jobs/view/gender-based-violence-gbv-programme-officer-at-united-nations-volunteers-east-and-southern-africa-4435485179,Gender-Based Violence (GBV) Programme Officer,,scraped,2026-07-07T12:19:15.069937,
5a1e9b52e37e0ff5,https://zw.linkedin.com/jobs/view/branch-manager-kadoma-northgate-zimbabwe-at-hungry-lion-4434513875,"Branch Manager - Kadoma Northgate, Zimbabwe",,scraped,2026-07-07T12:19:27.362522,
ab226435d8a1cadc,https://zw.linkedin.com/jobs/view/branch-manager-mashwede-glen-zimbabwe-at-hungry-lion-4434516798,"Branch Manager - Mashwede Glen, Zimbabwe",,scraped,2026-07-07T12:19:33.912482,
4a4379b9bd1947b7,https://zw.linkedin.com/jobs/view/shona%E2%80%93english-language-expert-remote-at-crossing-hurdles-4426910401,Shona–English Language Expert | Remote,Crossing Hurdles,posted,2026-07-07T12:19:48.173333,45
0c531857ba2e7e3f,https://zw.linkedin.com/jobs/view/management-couple-zimbabwean-only-at-lodgistics-professional-hospitality-solutions-4437795722,Management couple Zimbabwean ONLY,,scraped,2026-07-07T20:33:17.429408,
4ccdcbbe1de77957,https://zw.linkedin.com/jobs/view/operational-risk-advisor-at-valterra-platinum-4437789911,Operational Risk Advisor,Valterra Platinum,posted,2026-07-07T20:33:50.974019,47
1e26c9c72323041c,https://zw.linkedin.com/jobs/view/electrician-class-2-sf-at-valterra-platinum-4437807082,Electrician Class 2 SF,Valterra Platinum,posted,2026-07-07T20:34:00.215826,49
2e0109dc50837f59,https://zw.linkedin.com/jobs/view/senior-associate-%E2%80%94-ai-governance-legal-technology-regulatory-advisory-at-curia-advisory-4434545317,"Senior Associate — AI Governance, Legal Technology & Regulatory Advisory",Curia Advisory,posted,2026-07-07T20:34:12.088704,51
6d11a1b4522fad76,https://zw.linkedin.com/jobs/view/country-public-relations-at-famsun-4438164296,Country Public Relations,,scraped,2026-07-08T07:19:57.041128,
4243aa45518753c6,https://zw.linkedin.com/jobs/view/z26292-assistant-research-associate-regional-testing-network-breeding-data-mgt-at-cimmyt-4436725191,Z26292 Assistant Research Associate-Regional Testing Network & Breeding Data Mgt,,scraped,2026-07-08T07:20:18.545365,
75fe20b69dc4aa24,https://zw.linkedin.com/jobs/view/technical-director-wireless-multi-product-solutions-4434828110,Technical Director( Wireless & Multi-Product Solutions),ZTE ZIMBABWE,posted,2026-07-08T07:21:11.243087,63
f13dcbbfa497cb20,https://zw.linkedin.com/jobs/view/branch-manager-harare-brusta-motors-zimbabwe-at-hungry-lion-4434523697,"Branch Manager - Harare Brusta Motors, Zimbabwe",,scraped,2026-07-08T15:55:37.209070,
cc80e7445f64913e,https://zw.linkedin.com/jobs/view/creative-designer-at-lhegit-4437895643,Creative Designer,,scraped,2026-07-08T15:55:53.471337,
8a645322da6fc3f9,https://zw.linkedin.com/jobs/view/wildlife-funds-manager-keystone-at-wildlife-conservation-network-4436076099,Wildlife Funds Manager- Keystone,Wildlife Conservation Network,posted,2026-07-08T15:56:13.583882,65
574906f991e7b2c0,https://zw.linkedin.com/jobs/view/real-estate-agent-at-modern-properties-4434823778,Real Estate Agent,Modern Properties,posted,2026-07-08T15:56:36.091802,67
cd19b8fc0dd997c3,https://zw.linkedin.com/jobs/view/web-engineer-emea-at-human-made-4438256508,Web Engineer - EMEA,,scraped,2026-07-08T20:43:26.371363,
b2bfc66fbd0c8843,https://zw.linkedin.com/jobs/view/wireless-network-engineer-at-beijing-foreign-enterprise-management-consultants-co-ltd-4438243371,Wireless Network Engineer,"Beijing Foreign Enterprise Management Consultants Co.,Ltd.",posted,2026-07-08T20:43:40.859290,69
5aac77d9f233f9a3,https://zw.linkedin.com/jobs/view/nurse-at-job-connect-4434855713,Nurse,Job Connect,posted,2026-07-08T20:43:52.426933,71
6cf8fcc6b8eac9cc,https://zw.linkedin.com/jobs/view/short-term-consultancy-services-drafting-national-guidelines-for-the-integration-of-mental-health-and-psychosocial-support-mhpss-into-the-pre-trial-diversion-programme-in-zimbabwe-at-regional-psychosocial-support-initiative-repssi-4434868256,SHORT TERM CONSULTANCY SERVICES: DRAFTING NATIONAL GUIDELINES FOR THE INTEGRATION OF MENTAL HEALTH AND PSYCHOSOCIAL SUPPORT (MHPSS) INTO THE PRE-TRIAL DIVERSION PROGRAMME IN ZIMBABWE,Regional Psychosocial Support Initiative (REPSSI),posted,2026-07-08T20:44:05.067660,73
4d55cb01408e27a5,https://zw.linkedin.com/jobs/view/industry-virtual-lab-%C3%A0ssociate-experts-from-mining-manufacturing-smart-agroprocesing-and-energy-utilities-4434865053,INDUSTRY VIRTUAL LAB ÀSSOCIATE EXPERTS. from Mining. Manufacturing. Smart Agroprocesing and Energy Utilities.,KOJAKOD,posted,2026-07-08T20:44:12.211569,75
d579ae9d01ae1558,https://zw.linkedin.com/jobs/view/private-chef-at-zimbabwe-maids-centre-4435607248,Private Chef,Zimbabwe Maids Centre,posted,2026-07-09T10:34:29.601595,77
cd4ff427d2ddc2b3,https://zw.linkedin.com/jobs/view/quality-process-control-technician-at-saint-gobain-africa-4435643841,Quality & Process Control Technician,Saint-Gobain Africa,posted,2026-07-09T10:34:42.018006,79
c7325a38d1deb446,https://zw.linkedin.com/jobs/view/administrative-supervisor-at-sunda-international-4437375519,Administrative Supervisor,,scraped,2026-07-09T10:34:44.551506,
646b40b6585b54d7,https://zw.linkedin.com/jobs/view/electrician-class-2-sf-at-valterra-platinum-4438500163,Electrician Class 2 SF,Valterra Platinum,posted,2026-07-09T10:35:02.581308,49
f39964cbfa18bd00,https://zw.linkedin.com/jobs/view/fitter-class-2-sf-at-valterra-platinum-4438293429,Fitter - Class 2 SF,Valterra Platinum,posted,2026-07-09T10:35:17.362300,81
8a53c48907f04c64,https://zw.linkedin.com/jobs/view/piling-rig-operator-at-mandfar-group-4437052389,Piling Rig Operator,Mandfar Group,posted,2026-07-09T10:35:30.661947,83
a0f1f7fa4c396d79,https://zw.linkedin.com/jobs/view/people-s-operation-hr-intern-at-culturelligence-4435686015,People's Operation/HR Intern,,scraped,2026-07-09T18:34:10.446287,
71f1fb7900bedece,https://zw.linkedin.com/jobs/view/healthcare-assistant-at-job-connect-4435677446,Healthcare Assistant,Job Connect,posted,2026-07-09T18:34:34.635451,85
c447aae09308c97d,https://zw.linkedin.com/jobs/view/customer-service-representative-4437556478,Customer Service Representative,INDUSTRIAL SOFTCARE ZIMBABWE (PRIVATE) LIMITED,posted,2026-07-09T18:34:49.698631,87
5d0cf243df98557e,https://zw.linkedin.com/jobs/view/security-professional-4435673819,Security Professional,Domboshava,posted,2026-07-09T18:35:08.361530,89
d1966d78fca42584,https://zw.linkedin.com/jobs/view/marketing-officer-4435675405,Marketing Officer,Monson funeral directors,posted,2026-07-09T18:35:24.005297,91
47e988094df8d497,https://zw.linkedin.com/jobs/view/business-development-manager-bdm-at-uplift-global-bpo-4433779996,Business Development Manager (BDM),Uplift Global BPO,posted,2026-07-09T23:59:09.448101,93
0050a2f9284c233c,https://zw.linkedin.com/jobs/view/chef-4437573151,Chef,INDUSTRIAL SOFTCARE ZIMBABWE (PRIVATE) LIMITED,posted,2026-07-09T23:59:29.450371,95
33167ca72792a1f4,https://zw.linkedin.com/jobs/view/sales-specialist-4437554713,Sales Specialist,INDUSTRIAL SOFTCARE ZIMBABWE (PRIVATE) LIMITED,posted,2026-07-10T00:00:08.859287,97
905783de5574716b,https://zw.linkedin.com/jobs/view/banqueting-coordinator-at-rainbow-tourism-group-4439037474,Banqueting Coordinator,,scraped,2026-07-10T11:30:46.980931,
385a322ecc31d2c6,https://zw.linkedin.com/jobs/view/security-guard-at-ukozi-security-services-4435962398,Security Guard,Ukozi Security Services,posted,2026-07-10T11:31:16.890150,99
b49d4764099e5b60,https://zw.linkedin.com/jobs/view/lecturer-senior-lecturer-associate-professor-professor-2-posts-department-of-peace-and-security-studies-%E2%80%93-harare-campus-at-midlands-state-university-4438899770,LECTURER/SENIOR LECTURER/ASSOCIATE PROFESSOR/PROFESSOR (2 POSTS) -DEPARTMENT OF PEACE AND SECURITY STUDIES – HARARE CAMPUS,Midlands State University,posted,2026-07-10T11:31:39.620451,101
d3d1d77ccdbb66ed,https://zw.linkedin.com/jobs/view/listening-monitoring-and-evaluation-specialist-at-hope-international-inc-4437975497,"Listening, Monitoring, and Evaluation Specialist",Hope International Inc,posted,2026-07-10T11:31:51.119835,103
58965d9a666f66ca,https://zw.linkedin.com/jobs/view/warehouse-manager-%E2%80%93-mbare-harare-at-etero-metal-4433943644,"WAREHOUSE MANAGER – MBARE, HARARE",etero metal,posted,2026-07-10T11:32:02.609864,105
6a8c2b7d342e9fc3,https://zw.linkedin.com/jobs/view/group-executive-chef-at-rainbow-tourism-group-4436927939,GROUP EXECUTIVE CHEF,,scraped,2026-07-10T11:32:05.183134,
a725afa1cbe6823c,https://zw.linkedin.com/jobs/view/pastry-chef-at-rainbow-tourism-group-4439045026,Pastry Chef,,scraped,2026-07-10T11:32:14.201708,
c05cd278d28bd3e5,https://zw.linkedin.com/jobs/view/customer-service-specialist-4437548937,Customer Service Specialist,INDUSTRIAL SOFTCARE ZIMBABWE (PRIVATE) LIMITED,posted,2026-07-10T11:32:37.047854,107
e6ac967beab5ed81,https://zw.linkedin.com/jobs/view/strategy-transactions-senior-harare-2026-at-ey-4434820992,Strategy & Transactions Senior Harare 2026,EY,posted,2026-07-10T11:32:51.510756,109
4f14515157a4d749,https://zw.linkedin.com/jobs/view/part-time-coaches-volleyball-%E2%80%93-gweru-campus-1-post-chess-%E2%80%93-harare-campus-1-post-at-midlands-state-university-4437153184,PART-TIME COACHES VOLLEYBALL – GWERU CAMPUS (1 POST) CHESS – HARARE CAMPUS (1 POST),Midlands State University,posted,2026-07-10T11:33:08.288921,111
6e4182144e9f2855,https://zw.linkedin.com/jobs/view/finance-tax-manager-4437563152,Finance Tax Manager,INDUSTRIAL SOFTCARE ZIMBABWE (PRIVATE) LIMITED,posted,2026-07-10T11:33:17.414180,113
e82936be3d8c732e,https://zw.linkedin.com/jobs/view/pastry-chef-at-hyatt-regency-4438818669,Pastry Chef,Hyatt Regency,posted,2026-07-10T11:33:30.066778,115
322820b508240cbc,https://zw.linkedin.com/jobs/view/job-4-at-cfo-zimbabwe-4438311070,Job 4,,scraped,2026-07-10T18:19:19.254782,
77f7f391a75a0f87,https://zw.linkedin.com/jobs/view/demo-job-title-at-cfo-zimbabwe-4437989955,Demo Job Title,,scraped,2026-07-10T18:19:26.331740,
e9a751fe4db76fa4,https://zw.linkedin.com/jobs/view/customer-service-officer-at-precision-recruitment-international-4434829629,Customer Service Officer,,scraped,2026-07-10T18:19:50.887137,
20f6d9c065b9ce1d,https://zw.linkedin.com/jobs/view/trainer-and-assessor-chc33021-certificate-iii-in-individual-support-ageing-and-disability-at-skills-strategies-international-west-perth-4437962898,Trainer and Assessor CHC33021 Certificate III in Individual Support (Ageing and Disability),"Skills Strategies International, West Perth",posted,2026-07-10T18:20:19.812104,117
b8f000fcd724947e,https://zw.linkedin.com/jobs/view/accounts-administrator-at-old-mutual-south-africa-4437763930,Accounts Administrator,Old Mutual South Africa,posted,2026-07-10T18:20:42.055700,119
c32c5092f813ceb4,https://zw.linkedin.com/jobs/view/strategic-growth-associate-at-bullpen-capital-4434867912,Strategic Growth Associate,Bullpen Capital,posted,2026-07-10T18:20:59.013599,121
2c0b94c54e205079,https://zw.linkedin.com/jobs/view/boilermaker-class-2-sf-at-valterra-platinum-4438296247,Boilermaker - Class 2 SF,Valterra Platinum,posted,2026-07-10T18:21:24.565907,123
d1b79163a0f80f3c,https://zw.linkedin.com/jobs/view/climate-officer-at-christian-aid-zimbabwe-4438300503,Climate Officer,,scraped,2026-07-10T23:36:12.627686,
8057013843cd88c8,https://zw.linkedin.com/jobs/view/research-assistant-%E2%80%93-water-%E2%80%93-1-post-at-midlands-state-university-4439005592,RESEARCH ASSISTANT – (WATER) – 1 POST,Midlands State University,posted,2026-07-10T23:36:46.616642,125
db5d2d2743dc9493,https://zw.linkedin.com/jobs/view/regional-manager-at-cfo-zimbabwe-4438306191,Regional Manager,,scraped,2026-07-10T23:36:51.249247,
756c355d95de3a01,https://zw.linkedin.com/jobs/view/job-1-at-cfo-zimbabwe-4437999668,job 1,,scraped,2026-07-10T23:36:58.698739,
c05815ca9a137506,https://zw.linkedin.com/jobs/view/research-assistant-environmental-management-x-1-post-at-midlands-state-university-4439019110,RESEARCH ASSISTANT (ENVIRONMENTAL MANAGEMENT) X 1 POST,Midlands State University,posted,2026-07-10T23:37:27.503644,127
3eca9210ee26311c,https://zw.linkedin.com/jobs/view/software-developer-programmer-1-post-at-midlands-state-university-4439337842,SOFTWARE DEVELOPER / PROGRAMMER (1 POST),Midlands State University,posted,2026-07-10T23:37:44.147783,129
a27af3429d7a43e8,https://zw.linkedin.com/jobs/view/events-fundraising-officer-maternity-cover-at-christian-aid-zimbabwe-4437991923,Events Fundraising Officer (Maternity Cover),,scraped,2026-07-11T07:25:56.455239,
ef299848bc626915,https://zw.linkedin.com/jobs/view/church-community-officer-leinster-and-connacht-at-christian-aid-zimbabwe-4438303219,Church & Community Officer - Leinster and Connacht,,scraped,2026-07-11T07:26:08.865255,
a73f65ba758f5255,https://zw.linkedin.com/jobs/view/volunteer-speaker-at-christian-aid-zimbabwe-4437994789,Volunteer Speaker,,scraped,2026-07-11T07:26:15.180163,
9b5d62ffbd02bd44,https://zw.linkedin.com/jobs/view/media-volunteer-at-christian-aid-zimbabwe-4437994790,Media volunteer,,scraped,2026-07-11T07:26:21.451640,
e9b4b597be12ea87,https://zw.linkedin.com/jobs/view/research-assistant-executive-director%E2%80%99s-office-x-1-post-at-midlands-state-university-4439004643,RESEARCH ASSISTANT (EXECUTIVE DIRECTOR’S OFFICE) X 1 POST,Midlands State University,failed|wp_post_failed,2026-07-11T11:47:09.723443,
3a71568e87f3739e,https://zw.linkedin.com/jobs/view/horticulture-interns-4436684222,Horticulture interns,Loynchip Enterprises pvt Ltd,posted,2026-07-11T19:56:57.926009,131
9233f1fb491f892b,https://zw.linkedin.com/jobs/view/head-of-uav-manufacturing-engineering-at-drone-solutions-zimbabwe-4436690107,HEAD OF UAV MANUFACTURING & ENGINEERING,Drone Solutions Zimbabwe,posted,2026-07-11T22:37:05.741263,133
29d0eaf252297c29,https://zw.linkedin.com/jobs/view/chief-clinical-officer-at-job-connect-4436697937,Chief Clinical Officer,Job Connect,posted,2026-07-12T07:52:34.124642,135
edb19cd8930a1b0d,https://zw.linkedin.com/jobs/view/research-assistant-climate-change-x-1-post-at-midlands-state-university-4439000868,RESEARCH ASSISTANT (CLIMATE CHANGE) X 1 POST,Midlands State University,posted,2026-07-12T15:45:55.975134,137
bf7779c30dfb138f,https://zw.linkedin.com/jobs/view/direct-marketing-and-delivery-officer-biker-at-pens%C3%A9-4430221312,Direct Marketing and Delivery Officer (Biker),,scraped,2026-07-12T15:46:10.565046,
c24756638bb7c52d,https://zw.linkedin.com/jobs/view/customer-care-and-referral-coordinator-at-pens%C3%A9-4437225321,Customer Care and Referral Coordinator,,scraped,2026-07-12T15:46:16.624547,
5c9d9994a19bce02,https://zw.linkedin.com/jobs/view/front-office-administrator-at-pens%C3%A9-4437213623,Front Office Administrator,,scraped,2026-07-12T15:46:30.569549,
76a5aa1f74a51503,https://zw.linkedin.com/jobs/view/ct-nurse-at-pens%C3%A9-4437222477,CT Nurse,,scraped,2026-07-12T15:46:38.703312,
217bace7100688bc,https://zw.linkedin.com/jobs/view/iiz-diploma-holder-principal-officer-agent-4437213522,IIZ Diploma Holder Principal Officer/Agent,Healthbeat Private Limited,posted,2026-07-12T22:41:14.368105,139
0483ba450125dbde,https://zw.linkedin.com/jobs/view/underground-mechanical-mining-engineer-at-precision-recruitment-international-4437262360,Underground Mechanical Mining Engineer,,scraped,2026-07-13T11:47:30.047909,
36eef3ab64a13020,https://zw.linkedin.com/jobs/view/church-engagement-and-fundraising-officer-at-christian-aid-zimbabwe-4438382817,Church Engagement and Fundraising Officer,,scraped,2026-07-13T11:47:38.667335,
2b2e6b2e54a9ef0e,https://zw.linkedin.com/jobs/view/accounting-attachee-at-pens%C3%A9-4437288321,Accounting Attachee,,scraped,2026-07-13T18:29:16.282001,
a316f6c1baf1aa83,https://zw.linkedin.com/jobs/view/sales-specialist-at-zoomlion-south-africa-4439795436,Sales Specialist,,scraped,2026-07-13T18:29:24.132169,
40d914f3d44fc737,https://zw.linkedin.com/jobs/view/information-technology-officer-at-plan-international-brasil-4437297217,Information Technology Officer,,scraped,2026-07-13T23:29:05.057508,
f3b0ba6979d68750,https://zw.linkedin.com/jobs/view/medical-affairs-scientist-at-africa-clinical-research-network-acrn-4440092871,Medical Affairs Scientist,,scraped,2026-07-13T23:29:19.769256,
9865251af6880dd7,https://zw.linkedin.com/jobs/view/sales-marketing-at-gotteshand-investments-4437621426,Sales & marketing,Gotteshand Investments,failed|wp_post_failed,2026-07-13T23:29:41.119856,
7663751ffe200538,https://zw.linkedin.com/jobs/view/finance-officer-venezuela-earthquake-response-at-christian-aid-zimbabwe-4439478837,Finance Officer - Venezuela Earthquake Response,,scraped,2026-07-14T07:29:41.898044,
6b23116fda63df3d,https://zw.linkedin.com/jobs/view/emergency-programme-officer-venezuela-earthquake-response-at-christian-aid-zimbabwe-4439480644,Emergency Programme Officer - Venezuela Earthquake Response,,scraped,2026-07-14T07:29:56.483208,
16baff86a459bcc4,https://zw.linkedin.com/jobs/view/senor-sales-consultant-at-webdev-zimbabwe-4437650359,SENOR SALES CONSULTANT,,scraped,2026-07-14T07:30:18.760088,
1be8c96ac616a733,https://zw.linkedin.com/jobs/view/live-in-care-assistant-at-bluebird-care-durham-north-4439405385,Live-in Care Assistant,,scraped,2026-07-14T12:51:50.485800,
d5aa866627cd5420,https://zw.linkedin.com/jobs/view/media-liaison-at-abmodas-productions-4398824203,Media Liaison,,scraped,2026-07-14T17:52:51.339919,
c3d5c28307ecb21d,https://zw.linkedin.com/jobs/view/vacature-growth-marketeer-at-timeblockr-4439465853,Vacature - Growth Marketeer,,scraped,2026-07-14T17:52:57.527873,
c2ba992ad0c976f9,https://zw.linkedin.com/jobs/view/chief-analyst-at-medicines-control-authority-of-zimbabwe-4438002370,Chief Analyst,,scraped,2026-07-14T17:53:10.491074,
4d96c2d6a1edf5cc,https://zw.linkedin.com/jobs/view/wireless-planning-optimization-engineer-4438014110,Wireless Planning & Optimization Engineer,ZTE ZIMBABWE,posted,2026-07-14T17:53:30.934132,141
127859453190a647,https://zw.linkedin.com/jobs/view/legal-graduate-trainee-at-pan-african-mining-corp-4437679651,Legal graduate trainee,Pan African Mining Corp.,posted,2026-07-14T17:53:48.476155,143
ba19ac654f61cee0,https://zw.linkedin.com/jobs/view/chief-operating-officer-banking-operations-at-advisory-kulture-4439033216,Chief Operating Officer - Banking Operations,,scraped,2026-07-14T17:53:51.100477,
14bcd471425bc2ce,https://zw.linkedin.com/jobs/view/regional-and-urban-planning-office-technician-1-post-at-midlands-state-university-4440827191,REGIONAL AND URBAN PLANNING OFFICE TECHNICIAN (1 POST),Midlands State University,posted,2026-07-14T21:45:46.531495,145
807d195d94e1529f,https://zw.linkedin.com/jobs/view/finance-officer-at-job-connect-4438048589,Finance Officer,Job Connect,posted,2026-07-15T06:38:21.494943,147
bb30e81eebdb056a,https://zw.linkedin.com/jobs/view/live-in-care-assistant-at-bluebird-care-durham-north-4439955289,Live-in Care Assistant,,scraped,2026-07-15T06:38:29.794292,
f59a683b664b19cd,https://zw.linkedin.com/jobs/view/account-manager-harare-at-qatar-airways-4440209155,Account Manager (Harare),Qatar Airways,posted,2026-07-15T12:57:22.924299,149
946e79402f575e08,https://zw.linkedin.com/jobs/view/driver-tour-guide-at-rainbow-tourism-group-4440947874,Driver/Tour Guide,,scraped,2026-07-15T12:57:25.333312,
a67aa3355c1914a0,https://zw.linkedin.com/jobs/view/project-management-officer-at-job-connect-4438080145,Project Management Officer,Job Connect,posted,2026-07-15T12:57:55.108773,151
8fd8807c030c1ef6,https://zw.linkedin.com/jobs/view/service-administrator-at-epiroc-4439895347,Service Administrator,,scraped,2026-07-15T12:57:59.749065,
590d1a105797aa4d,https://zw.linkedin.com/jobs/view/social-media-marketing-specialist-at-webwiseai-solutions-4438089485,Social Media Marketing Specialist,,scraped,2026-07-15T12:58:08.375243,
cb0292e4d977fb40,https://zw.linkedin.com/jobs/view/warehouse-assistant-at-springer-nature-4431216079,Warehouse Assistant,Springer Nature,posted,2026-07-15T18:06:11.956850,153
c65f9449e0830cce,https://zw.linkedin.com/jobs/view/assistant-project-manager-at-job-connect-4438403320,Assistant Project Manager,Job Connect,posted,2026-07-15T18:06:29.959999,155
e1655f548a66d0f9,https://zw.linkedin.com/jobs/view/nurse-colon-hydrotherapist-at-cleanse-aesthetics-4438095613,Nurse / Colon Hydrotherapist,,scraped,2026-07-15T18:06:38.610355,
991bbd695decce42,https://zw.linkedin.com/jobs/view/program-project-manager-at-job-connect-4438423295,Program Project Manager,Job Connect,posted,2026-07-15T23:37:14.225563,157
afa28f924fdccf7e,https://zw.linkedin.com/jobs/view/manager-banking-systems-at-zb-financial-holdings-4438087874,Manager - Banking Systems,,scraped,2026-07-15T23:37:24.888611,
d32b027606c4a3ad,https://zw.linkedin.com/jobs/view/grants-administrator-at-job-connect-4438466920,Grants Administrator,Job Connect,posted,2026-07-16T07:39:13.389075,159
36f0e57ba1da1519,https://zw.linkedin.com/jobs/view/group-supply-chain-distribution-centre-development-manager-at-global-talent-search-4434911497,Group Supply Chain & Distribution Centre Development Manager,,scraped,2026-07-16T07:39:18.045505,
9eacff6533cd6820,https://zw.linkedin.com/jobs/view/senior-account-manager-at-job-connect-4438499552,Senior Account Manager,Job Connect,posted,2026-07-16T13:08:33.521059,161
df72afb9622ba6d9,https://zw.linkedin.com/jobs/view/admin-manager-at-beijing-foreign-enterprise-management-consultants-co-ltd-4441499068,Admin Manager,"Beijing Foreign Enterprise Management Consultants Co.,Ltd.",posted,2026-07-16T18:02:11.473306,163
1bb2c79daa715244,https://zw.linkedin.com/jobs/view/business-retention-administrator-at-zb-financial-holdings-4438482647,Business Retention Administrator,,scraped,2026-07-16T18:02:16.084778,
cac00e4993184264,https://zw.linkedin.com/jobs/view/gis-analyst-at-ifaw-4440723513,GIS Analyst,IFAW,posted,2026-07-16T18:02:37.191308,165
c6f62e3a43d7ca98,https://zw.linkedin.com/jobs/view/human-resources-graduate-trainee-at-pandi-gas-4438736074,Human resources graduate trainee,Pandi Gas,posted,2026-07-16T18:02:49.215122,167
83c1b4adee9dea7f,https://zw.linkedin.com/jobs/view/mission-home-custodian-at-a-igreja-de-jesus-cristo-dos-santos-dos-%C3%BAltimos-dias-4441608002,Mission Home Custodian,,scraped,2026-07-16T18:02:55.851029,
b7eaa95828307a5d,https://zw.linkedin.com/jobs/view/mission-home-custodian-at-the-church-of-jesus-christ-of-latter-day-saints-4440756379,Mission Home Custodian,The Church of Jesus Christ of Latter-day Saints,posted,2026-07-16T18:03:13.112725,169
0046d7b6f253f40f,https://zw.linkedin.com/jobs/view/offre-de-stage-assistant-ing%C3%A9nieur-%E2%80%93-universit%C3%A9-gustave-eiffel-at-logistics-city-chair-4440751743,Offre de stage assistant ingénieur – Université Gustave Eiffel,,scraped,2026-07-16T18:03:17.518921,
14cffc2491edc852,https://zw.linkedin.com/jobs/view/ai-engineers-at-zb-financial-holdings-4438717347,AI Engineers,,scraped,2026-07-17T06:37:44.469460,
a7dfbe8032ad97f6,https://zw.linkedin.com/jobs/view/service-desk-administrator-at-cbz-holdings-limited-4441944946,Service Desk Administrator,,scraped,2026-07-17T12:22:32.156409,
dfc443d32342afdb,https://zw.linkedin.com/jobs/view/projects-and-maintenance-engineer-at-totalenergies-4441971081,PROJECTS AND MAINTENANCE ENGINEER,,scraped,2026-07-17T12:22:41.147322,
998e261edec758d9,https://zw.linkedin.com/jobs/view/mechanical-engineering-technician-forke-machine-specialist-at-pacific-cigarette-company-4438785874,Mechanical Engineering Technician- Forke Machine Specialist,,scraped,2026-07-17T12:22:50.155583,
f17afaaacf87c256,https://zw.linkedin.com/jobs/view/financial-accountant-%E2%80%93-zb-life-at-zb-financial-holdings-4438475505,Financial Accountant – ZB Life,,scraped,2026-07-17T12:23:05.217284,
a7ef8b3ff475ae61,https://zw.linkedin.com/jobs/view/supply-assistant-at-totalenergies-4441964469,SUPPLY ASSISTANT,,scraped,2026-07-17T17:48:54.164700,
09fe8ce1bf9fc76f,https://zw.linkedin.com/jobs/view/chef-de-partie-baker-at-royal-caribbean-group-4439119433,Chef De Partie - Baker,Royal Caribbean Group,posted,2026-07-17T21:10:52.283358,171
0798d9678448c12e,https://zw.linkedin.com/jobs/view/application-support-engineer-trilogy-remote-%2460-000-year-usd-at-crossover-4439907737,"Application Support Engineer, Trilogy (Remote) - $60,000/year USD",Crossover,posted,2026-07-17T21:11:03.264286,173
0f33d7c5f1db3877,https://zw.linkedin.com/jobs/view/senior-quantity-surveyor-at-turner-townsend-4423888454,Senior Quantity Surveyor,,scraped,2026-07-17T21:11:07.899326,
16b1ee4ac2226a1f,https://zw.linkedin.com/jobs/view/driver-4441708808,Driver,INDUSTRIAL SOFTCARE ZIMBABWE (PRIVATE) LIMITED,posted,2026-07-18T10:50:37.036407,175
7df881e10ce7d882,https://zw.linkedin.com/jobs/view/temple-facilities-manager-2-at-the-church-of-jesus-christ-of-latter-day-saints-4383133150,Temple Facilities Manager 2,The Church of Jesus Christ of Latter-day Saints,posted,2026-07-18T20:03:20.904290,177
b2edf95cd124ac8d,https://zw.linkedin.com/jobs/view/settlements-and-reconciliations-manager-at-zb-financial-holdings-4439261529,Settlements and Reconciliations Manager,,scraped,2026-07-19T15:40:41.152154,
d64ff49df7d40cc6,https://zw.linkedin.com/jobs/view/lead-generation-specialist-at-reboot-it-4441778778,Lead Generation Specialist,Reboot IT,posted,2026-07-19T20:11:18.317166,179
95d5cb2fb17823d0,https://zw.linkedin.com/jobs/view/glamping-national-parks-southern-utah-at-collective-destinations-4441714642,Glamping - National Parks - Southern Utah,Collective Destinations,posted,2026-07-20T08:30:16.329492,181
3d6ead49e24622d9,https://zw.linkedin.com/jobs/view/professional-growth-at-ipswich-holistic-community-care-4440124420,Professional Growth,,scraped,2026-07-20T16:11:03.350550,
1a7bf35dcd8cdf13,https://zw.linkedin.com/jobs/view/replenishment-specialist-at-nestl%C3%A9-4442595794,Replenishment Specialist,Nestlé,posted,2026-07-20T16:11:26.265758,183
9244e2712c19843f,https://zw.linkedin.com/jobs/view/graduate-trainee-at-premier-agricultural-solutions-pas-4442222203,Graduate Trainee,,scraped,2026-07-20T21:54:31.126286,
f450a58fe154ad6f,https://zw.linkedin.com/jobs/view/imports-and-exports-manager-4441726106,Imports and Exports Manager,INDUSTRIAL SOFTCARE ZIMBABWE (PRIVATE) LIMITED,posted,2026-07-20T21:55:01.055563,185
4d5079949bacdfc5,https://zw.linkedin.com/jobs/view/administrative-specialist-4441716636,Administrative Specialist,INDUSTRIAL SOFTCARE ZIMBABWE (PRIVATE) LIMITED,posted,2026-07-20T21:55:08.819684,187
a31cd05a640b1760,https://zw.linkedin.com/jobs/view/digital-marketing-specialist-at-nexzim-enterprises-4440151488,Digital Marketing Specialist,NexZim Enterprises,posted,2026-07-20T21:55:18.104454,189
793afef46050b51b,https://zw.linkedin.com/jobs/view/foreman-at-sandvik-4440158962,Foreman,,scraped,2026-07-20T21:55:20.722149,
3ccd3bf73b46e82a,https://zw.linkedin.com/jobs/view/zimbabwe-online-language-school-franchise-partnership-at-lingua-learn-franchise-group-4442515328,Zimbabwe Online Language School Franchise Partnership,Lingua Learn Franchise Group,posted,2026-07-20T21:55:37.924303,191
09edc4f4c8d7ab3c,https://zw.linkedin.com/jobs/view/care-coordinator-care-services-manager-harare-at-belgravia-medicals-4440171133,Care Coordinator / Care Services Manager (Harare),Belgravia Medicals,posted,2026-07-20T21:55:47.539979,193
c43c87846d4d5b88,https://zw.linkedin.com/jobs/view/cms-developer-at-odixcity-consulting-4442735394,CMS Developer,Odixcity Consulting,posted,2026-07-20T21:55:55.379525,195
aaf756e173af39d4,https://zw.linkedin.com/jobs/view/group-head-ecosystems-solutions-at-cbz-holdings-limited-4442125317,Group Head Ecosystems Solutions,,scraped,2026-07-20T21:55:57.965994,
f550c2a441e85ad4,https://zw.linkedin.com/jobs/view/copywriter-content-strategist-psychology-led-revenue-focused-at-rainmaker-remodel-4442776988,Copywriter & Content Strategist (Psychology-Led & Revenue-Focused),Rainmaker Remodel,posted,2026-07-20T21:56:10.060633,197
91cd3b75577b58e6,https://zw.linkedin.com/jobs/view/artisan-dpf-at-sandvik-4440164671,Artisan - DPF,,scraped,2026-07-20T21:56:12.674117,
0b15c95c274a6115,https://zw.linkedin.com/jobs/view/account-manager-at-study-group-4440422493,Account Manager,Study Group,posted,2026-07-21T07:50:38.843713,199
d9e14d1d155c9bd7,https://zw.linkedin.com/jobs/view/direct-sales-agent-zimbabwe-at-bagginshq-4442223667,Direct Sales Agent - Zimbabwe,,scraped,2026-07-21T13:08:48.308614,
acc2341690495117,https://zw.linkedin.com/jobs/view/driving-care-assistant-at-bluebird-care-durham-north-4442268040,Driving Care Assistant,,scraped,2026-07-21T13:08:54.170112,
55425ddc61b24046,https://zw.linkedin.com/jobs/view/social-media-manager-content-creator-at-odixcity-consulting-4443094326,Social media manager / content creator,Odixcity Consulting,posted,2026-07-21T13:09:14.117382,201
f80c765b908fd59a,https://zw.linkedin.com/jobs/view/architect-designer-%0A%0A-4439680650,Architect Designer,Vandamazi Construction (Pvt) Ltd,posted,2026-07-21T13:09:25.417892,203
40ee3bc6d83adc97,https://zw.linkedin.com/jobs/view/marketing-manager-at-job-connect-4440422434,Marketing Manager,Job Connect,posted,2026-07-21T13:09:34.177419,205
d8d3d42144d731e5,https://zw.linkedin.com/jobs/view/azure-architect-at-odixcity-consulting-4442726738,Azure Architect,Odixcity Consulting,posted,2026-07-21T13:09:41.516305,207
0639c38226af8333,https://zw.linkedin.com/jobs/view/google-ads-expert-ppc-manager-at-odixcity-consulting-4442745063,Google Ads Expert / PPC manager,Odixcity Consulting,posted,2026-07-21T13:09:49.019457,209
b20dd394b84349cb,https://zw.linkedin.com/jobs/view/commodity-broker-at-silicon-valley-global-ph-inc-4442244958,Commodity Broker,,scraped,2026-07-21T13:09:55.706886,
ded21e3abe215c0b,https://zw.linkedin.com/jobs/view/senior-non-key-experts-in-the-digital-connectivity-study-for-agriculture-prida-ii-at-ntu-international-a-s-4442728200,Senior Non Key Experts in the Digital Connectivity Study for Agriculture (PRIDA II),,scraped,2026-07-21T13:10:10.843483,
24e75efba04c518b,https://zw.linkedin.com/jobs/view/real-estate-agent-4440448060,Real Estate Agent,Mzansi Properties,posted,2026-07-21T13:10:21.359227,67
38cb2ef163d9791d,https://zw.linkedin.com/jobs/view/professional-growth-at-ipswich-holistic-community-care-4440440295,Professional Growth,,scraped,2026-07-21T13:10:23.819910,
db37cfb6ec91165a,https://zw.linkedin.com/jobs/view/freelance-graphics-designer-at-weighty-premier-solutions-4442598863,Freelance Graphics Designer,,scraped,2026-07-21T18:53:47.860147,
08aee958e9a24626,https://zw.linkedin.com/jobs/view/head-of-health-safety-security-and-safeguarding-at-christian-aid-zimbabwe-4442630917,"Head of Health, Safety, Security and Safeguarding",,scraped,2026-07-21T18:54:02.035753,
d0b1bd68e5571b08,https://zw.linkedin.com/jobs/view/software-sales-representative-at-weighty-premier-solutions-4442700714,Software Sales Representative,,scraped,2026-07-21T18:54:12.522474,
eaf7c08442116b08,https://zw.linkedin.com/jobs/view/porter-4-posts-at-midlands-state-university-4443569024,PORTER (4 POSTS),Midlands State University,posted,2026-07-21T23:16:05.647491,211
bfd1fa63a885b59b,https://zw.linkedin.com/jobs/view/waiter-waitresses-2-posts-at-midlands-state-university-4443549954,WAITER/WAITRESSES (2 POSTS),Midlands State University,posted,2026-07-21T23:16:19.816831,213
1d93c4aaa59b7adc,https://zw.linkedin.com/jobs/view/finance-accounting-student-internship-4440176797,Finance/Accounting Student Internship,Roman Catholic Diocese of Mutare,posted,2026-07-21T23:16:54.869744,215
215f2d4c6c7d5a5a,https://zw.linkedin.com/jobs/view/accountant-at-odixcity-consulting-4443724906,Accountant,Odixcity Consulting,posted,2026-07-22T09:35:12.675320,217
ef20de2c4f5103eb,https://zw.linkedin.com/jobs/view/general-manager-at-job-connect-4443767087,General Manager,Job Connect,posted,2026-07-22T09:35:34.278915,219
a7a5557a08a91289,https://zw.linkedin.com/jobs/view/flutter-developer-at-weighty-premier-solutions-4442710359,Flutter Developer,,scraped,2026-07-22T09:35:42.906710,
6ea0e32b575d5f82,https://zw.linkedin.com/jobs/view/information-analyst-at-precision-recruitment-international-4440418646,Information Analyst,,scraped,2026-07-22T09:35:51.528712,
f2c3f9b6ca0676be,https://zw.linkedin.com/jobs/view/performance-marketing-lead-at-rope-digital-4443766884,Performance Marketing Lead,Rope Digital,posted,2026-07-22T09:36:07.617914,221
624dd73367ec6534,https://zw.linkedin.com/jobs/view/batterymba-for-energy-storage-teams-at-batterymba-4441014785,BatteryMBA for energy storage teams,BatteryMBA,posted,2026-07-22T09:36:17.879557,223
dc5182bd1f4ba1dd,https://zw.linkedin.com/jobs/view/junior-non-key-experts-in-the-digital-connectivity-study-for-agriculture-and-education-prida-ii-at-ntu-international-a-s-4442703236,Junior Non Key Experts in the Digital Connectivity Study for Agriculture and Education (PRIDA II),,scraped,2026-07-22T09:36:22.492922,
b6863b0d07d98a18,https://zw.linkedin.com/jobs/view/team-leader-underwriting-at-old-mutual-south-africa-4442754646,Team Leader (Underwriting),Old Mutual South Africa,posted,2026-07-22T09:36:43.614926,225
878ea2c0f0654b78,https://zw.linkedin.com/jobs/view/front-end-loader-crusher-plant-operator-4443747558,Front End loader Crusher plant operator,Golden Reef Mining Company,posted,2026-07-22T09:36:55.832999,227
8aaee9dde2ed1310,https://zw.linkedin.com/jobs/view/professional-growth-at-ipswich-holistic-community-care-4443788305,Professional Growth,,scraped,2026-07-22T15:57:48.288589,
65adde9ffda55c24,https://zw.linkedin.com/jobs/view/product-manager-at-santa-thadeu-4441022681,Product Manager,Santa Thadeu,posted,2026-07-22T15:58:03.826018,229
369ba08e2c9bfaa8,https://zw.linkedin.com/jobs/view/real-estate-agent-at-dingamuzi-real-estate-4441028864,Real Estate Agent,,scraped,2026-07-22T15:58:22.689188,
5b2428d86c58a602,https://zw.linkedin.com/jobs/view/students-on-attachment-at-rainbow-tourism-group-4443779968,Students on attachment,,scraped,2026-07-22T20:22:28.004833,
98e7cd46f194a36c,https://zw.linkedin.com/jobs/view/country-partner-cxo-at-egv-group-4443130810,Country Partner & CXO,,scraped,2026-07-22T20:22:48.604222,
ff85f441f8bc6b5a,https://zw.linkedin.com/jobs/view/class-3-and-4-driver-or-class-4-and-rider%E2%80%99s-certificate-x1-at-midlands-state-university-4443996455,CLASS 3 AND 4 DRIVER OR CLASS 4 AND RIDER’S CERTIFICATE X1,Midlands State University,posted,2026-07-22T20:23:07.151865,231
13e662a2239f7fc4,https://zw.linkedin.com/jobs/view/data-protection-officer-at-ithalamed-4443761429,Data Protection Officer,,scraped,2026-07-22T20:23:15.856884,
bdbf611ed83d58fe,https://zw.linkedin.com/jobs/view/data-set-curator-at-odixcity-consulting-4443082859,Data Set Curator,Odixcity Consulting,posted,2026-07-23T07:51:27.300598,233
9138a1e7cfe4e78c,https://zw.linkedin.com/jobs/view/training-adoption-at-ativa-4443198663,Training & Adoption,Ativa,posted,2026-07-23T07:51:40.245253,235
8b9d956ad30cad01,https://zw.linkedin.com/jobs/view/corporate-english-trainer-at-gofluent-4444298198,Corporate English Trainer,,scraped,2026-07-23T07:51:49.057289,
235f0595e09c4ba2,https://zw.linkedin.com/jobs/view/fullstack-developer-at-weighty-premier-solutions-4442704485,Fullstack Developer,,scraped,2026-07-23T13:17:10.029340,
6855c82ba237a5c9,https://zw.linkedin.com/jobs/view/information-technology-specialist-4440448902,Information Technology Specialist,INDUSTRIAL SOFTCARE ZIMBABWE (PRIVATE) LIMITED,posted,2026-07-23T13:17:41.008968,237
e6fafb61c8af608a,https://zw.linkedin.com/jobs/view/zimbabwe-language-school-franchise-partnership-at-lingua-learn-franchise-group-4443739886,Zimbabwe Language School Franchise Partnership,Lingua Learn Franchise Group,posted,2026-07-23T13:18:11.445242,33
9b836bb798a6bc01,https://zw.linkedin.com/jobs/view/mi-planning-analyst-at-precision-recruitment-international-4441092862,MI / Planning Analyst,,scraped,2026-07-23T13:18:14.028725,
75afce53996bbaf5,https://zw.linkedin.com/jobs/view/marketing-officer-at-qube-finance-pvt-ltd-4441520276,Marketing Officer,Qube Finance (Pvt) Ltd,posted,2026-07-23T13:18:24.879083,91
cc8fd804c64d394e,https://zw.linkedin.com/jobs/view/demolition-crew-construction-call-for-applications-controlled-demolition-rubble-removal-site-clearence-delivery-roster-at-eliyana-ventures-4441038361,"DEMOLITION CREW: Construction Call for Applications -Controlled Demolition, Rubble Removal & Site Clearence Delivery Roster",,scraped,2026-07-23T13:18:35.581898,
f695c9c9c6b1feed,https://zw.linkedin.com/jobs/view/professional-growth-at-ipswich-holistic-community-care-4441513157,Professional Growth,,scraped,2026-07-23T13:18:52.316257,
a0ad3b379dd7e376,https://zw.linkedin.com/jobs/view/corporate-english-trainer-at-gofluent-4443821248,Corporate English Trainer,,scraped,2026-07-23T13:19:03.387511,
2ff71965cf51ec0a,https://zw.linkedin.com/jobs/view/corporate-english-trainer-at-gofluent-4441511146,Corporate English Trainer,,scraped,2026-07-23T13:19:11.320821,
8c99978f91165377,https://zw.linkedin.com/jobs/view/risk-analyst-at-odixcity-consulting-4444251931,Risk Analyst,Odixcity Consulting,failed|wp_post_failed,2026-07-23T18:47:25.759468,
8ab20ebe3e265f34,https://zw.linkedin.com/jobs/view/banksman-training-at-competum-limited-4443813161,Banksman Training,,scraped,2026-07-23T18:47:30.191124,
d6ebd1add85b0449,https://zw.linkedin.com/jobs/view/banksman-training-at-competum-limited-4443800254,Banksman Training,,scraped,2026-07-23T18:47:35.863708,
c988064b0c24bbff,https://zw.linkedin.com/jobs/view/graduate-trainee-international-relations-unit-1-post-focus-at-midlands-state-university-4444729639,"GRADUATE TRAINEE, INTERNATIONAL RELATIONS UNIT (1 POST) FOCUS",Midlands State University,failed|wp_post_failed,2026-07-23T23:18:56.714420,
d594627367e74bf5,https://zw.linkedin.com/jobs/view/electrical-engineer-expert-remote-at-yo-it-consulting-4444411131,Electrical Engineer Expert - Remote,,scraped,2026-07-23T23:18:59.301535,
8db1e3d6291e4fa1,https://zw.linkedin.com/jobs/view/training-program-at-austin-cary-forest-campus-4444003716,Training Program,Austin Cary Forest Campus,failed|wp_post_failed,2026-07-23T23:19:23.736816,
c7fb3bdd73df6223,https://zw.linkedin.com/jobs/view/porter-4-posts-at-midlands-state-university-4444934403,PORTER (4 POSTS),Midlands State University,failed|wp_post_failed,2026-07-24T09:13:57.869485,
f3cb6132d83106b1,https://zw.linkedin.com/jobs/view/national-representative-zimbabwe-at-vanzbon-global-%E4%B8%87%E4%BC%81%E5%B8%AE%E5%9B%BD%E9%99%85%E4%BC%81%E4%B8%9A%E6%9C%8D%E5%8A%A1-4444323239,National Representative (Zimbabwe),Vanzbon Global | 万企帮国际企业服务,failed|wp_post_failed,2026-07-24T09:14:06.172707,
e3b1c2e6470d912f,https://zw.linkedin.com/jobs/view/regional-and-urban-planning-office-technician-1-post-at-midlands-state-university-4444940010,REGIONAL AND URBAN PLANNING OFFICE TECHNICIAN (1 Post),Midlands State University,failed|wp_post_failed,2026-07-24T09:14:20.630072,
6aa59d07af86113f,https://zw.linkedin.com/jobs/view/java-kotlin-springboot-developer-at-weighty-premier-solutions-4442717075,Java/Kotlin Springboot Developer,,scraped,2026-07-24T09:14:31.715588,
e6a90f7a7ed434a2,https://zw.linkedin.com/jobs/view/research-fellow-language-researcher-research-assistant-3-posts-chinese-mandarin-french-portuguese-at-midlands-state-university-4444924688,RESEARCH FELLOW/ LANGUAGE RESEARCHER/ RESEARCH ASSISTANT: 3 POSTS: (Chinese Mandarin / French / Portuguese),Midlands State University,failed|wp_post_failed,2026-07-24T09:14:47.924427,
06672c3e4e60d57a,https://zw.linkedin.com/jobs/view/research-fellow-language-researcher-research-assistant-3-posts-chinese-mandarin-french-portuguese-at-midlands-state-university-4444934406,RESEARCH FELLOW/ LANGUAGE RESEARCHER/ RESEARCH ASSISTANT: 3 POSTS: (Chinese Mandarin / French / Portuguese),Midlands State University,scraped,2026-07-24T09:14:53.016412,
4ae4881d82d7003f,https://zw.linkedin.com/jobs/view/gender-justice-technical-partnerships-coordinator-at-oxfam-4441559836,Gender Justice Technical & Partnerships Coordinator,,scraped,2026-07-24T09:14:55.708573,
7cb98a6c90e1ea4a,https://zw.linkedin.com/jobs/view/professional-growth-at-ipswich-holistic-community-care-4441581889,Professional Growth,,scraped,2026-07-24T15:22:43.422494,
808d3ca995326a33,https://zw.linkedin.com/jobs/view/health-safety-environment-officer-4441808558,Health Safety Environment Officer,Richridge Lithium Mining,posted,2026-07-24T15:23:00.704269,239
6a66582b9bf5de4f,https://zw.linkedin.com/jobs/view/diesel-plant-fitting-4441540339,Diesel Plant Fitting,NATIONAL RAILWAYS OF ZIMBABWE,posted,2026-07-24T15:23:18.571197,241
2eed506bbb19ec04,https://zw.linkedin.com/jobs/view/backend-engineer-annotator-at-odixcity-consulting-4444266503,Backend Engineer Annotator,Odixcity Consulting,posted,2026-07-24T15:23:26.388242,243
da36bd95c6a2f435,https://zw.linkedin.com/jobs/view/level-1-network-voip-support-engineer-remote-zimbabwe-at-vivant-4445208208,Level 1 Network & VoIP Support Engineer (Remote - Zimbabwe),Vivant,posted,2026-07-24T20:52:08.287765,245
2801966ea6e84ff0,https://zw.linkedin.com/jobs/view/crm-business-analyst-at-christian-aid-zimbabwe-4444260198,CRM Business Analyst,,scraped,2026-07-24T20:52:16.883205,
0a77bc0576e170bb,https://zw.linkedin.com/jobs/view/waiter-waitresses-2-posts-at-midlands-state-university-4444919912,WAITER/WAITRESSES (2 POSTS),Midlands State University,posted,2026-07-24T20:52:26.717257,213
aa4c05bd9acdba17,https://zw.linkedin.com/jobs/view/growth-marketer-at-women-clothing-center-4442763126,Growth Marketer,Women clothing center,posted,2026-07-24T20:52:41.065764,247
64c8551311f1e423,https://zw.linkedin.com/jobs/view/operations-director-at-small-medium-enterprises-development-corporation-smedco-4444346914,OPERATIONS DIRECTOR,,scraped,2026-07-24T20:52:45.592066,
3d81db7a8c2989de,https://zw.linkedin.com/jobs/view/embroidery-machine-operator-fixed-term-contract-at-midlands-state-university-4444937131,EMBROIDERY MACHINE OPERATOR (FIXED TERM CONTRACT),Midlands State University,posted,2026-07-24T20:52:55.685925,25
02e78dab46c5796a,https://zw.linkedin.com/jobs/view/document-analyst-at-odixcity-consulting-4444905035,Document Analyst,Odixcity Consulting,posted,2026-07-24T20:53:03.908822,249
8a5b6a466b6c80b5,https://zw.linkedin.com/jobs/view/video-game-composer-at-odixcity-consulting-4444901100,Video game composer,Odixcity Consulting,posted,2026-07-24T20:53:17.481951,251
e28cd64e8b875d59,https://zw.linkedin.com/jobs/view/call-center-representative-english-speaking-at-callsexperts-4445252469,Call Center Representative (English-speaking),Callsexperts,posted,2026-07-25T06:43:38.541765,253
b835165432da1568,https://zw.linkedin.com/jobs/view/business-development-lead-at-go-cars-rental-service-4443000575,Business Development Lead,Go Cars Rental Service,posted,2026-07-25T06:43:52.138818,255
18457161426b7ac6,https://zw.linkedin.com/jobs/view/software-developer-programmer-1-post-at-midlands-state-university-4444929640,Software Developer / Programmer (1 Post),Midlands State University,posted,2026-07-25T06:43:57.751810,129
5eaeb68b2eb1bbcb,https://zw.linkedin.com/jobs/view/a-i-trainer-at-odixcity-consulting-4443093400,A.I Trainer,Odixcity Consulting,posted,2026-07-25T11:58:41.588212,257
c091260acf194c72,https://zw.linkedin.com/jobs/view/class-3-and-4-driver-or-class-4-and-rider%E2%80%99s-certificate-x1-at-midlands-state-university-4444935312,CLASS 3 AND 4 DRIVER or CLASS 4 AND RIDER’S CERTIFICATE x1,Midlands State University,posted,2026-07-25T11:59:04.348093,259
d5dc1731a9b402ec,https://zw.linkedin.com/jobs/view/artificial-intelligence-engineer-at-hurudza-ai-4442303375,Artificial Intelligence Engineer,Hurudza AI,posted,2026-07-25T11:59:29.657555,261
4bddf27ef82857d8,https://zw.linkedin.com/jobs/view/hardware-network-support-specialist-at-old-mutual-south-africa-4445269085,Hardware & Network Support Specialist,Old Mutual South Africa,posted,2026-07-25T11:59:41.874620,263
1a1f5cb65ff044d2,https://zw.linkedin.com/jobs/view/typescript-open-source-contributor-remote-at-yo-it-consulting-4444653204,Typescript Open Source Contributor - Remote,,scraped,2026-07-25T11:59:44.437454,
a0906e7095885ff6,https://zw.linkedin.com/jobs/view/professional-growth-at-ipswich-holistic-community-care-4441890760,Professional Growth,,scraped,2026-07-25T11:59:52.435235,
537f3ec2b54fc220,https://zw.linkedin.com/jobs/view/senior-graphic-designer-1-post-at-midlands-state-university-4445240038,SENIOR GRAPHIC DESIGNER (1 POST),Midlands State University,posted,2026-07-25T15:58:47.227442,265
b648976acf0abf17,https://zw.linkedin.com/jobs/view/research-fellow-language-researcher-research-assistant-2-posts-swahili-koisan-at-midlands-state-university-4444933484,RESEARCH FELLOW/ LANGUAGE RESEARCHER/ RESEARCH ASSISTANT: 2 POSTS: Swahili / Koisan,Midlands State University,posted,2026-07-25T15:58:57.345415,267
39c930cd5a59ce61,https://zw.linkedin.com/jobs/view/research-fellow-language-researcher-research-assistant-2-posts-swahili-koisan-at-midlands-state-university-4444924687,RESEARCH FELLOW/ LANGUAGE RESEARCHER/ RESEARCH ASSISTANT: 2 POSTS: Swahili / Koisan,Midlands State University,posted,2026-07-25T20:17:29.646006,269
ee9e73f862639ac8,https://zw.linkedin.com/jobs/view/general-counsel-remote-at-yo-it-consulting-4444775528,General Counsel - Remote,,scraped,2026-07-25T20:17:32.260541,
19b76898a0b55a8b,https://zw.linkedin.com/jobs/view/multimedia-content-and-video-editor-at-odixcity-consulting-4445286618,Multimedia Content and Video Editor,Odixcity Consulting,posted,2026-07-25T20:17:43.858727,271
61919a462f04f7c7,https://zw.linkedin.com/jobs/view/cards-sales-business-development-manager-at-hyper-lychee-labs-4441596439,Cards Sales & Business Development Manager,Hyper Lychee Labs,posted,2026-07-25T20:17:54.509402,273
f05aa551a0ed851e,https://zw.linkedin.com/jobs/view/rust-software-developer-remote-at-yo-it-consulting-4444815546,Rust Software Developer - Remote,,scraped,2026-07-26T07:49:53.983819,
aefee71b0dd7614f,https://zw.linkedin.com/jobs/view/full-stack-engineer-annotator-at-odixcity-consulting-4445288594,Full stack Engineer Annotator,Odixcity Consulting,posted,2026-07-26T07:50:09.456851,275
73bbb9a486a0bae6,https://zw.linkedin.com/jobs/view/java-open-source-contributor-remote-at-yo-it-consulting-4444659193,Java Open Source Contributor - Remote,,scraped,2026-07-26T07:50:16.202208,
95861c919dbe93ba,https://zw.linkedin.com/jobs/view/architectural-intern-4442322295,Architectural Intern,M~Arch Studio,posted,2026-07-26T07:50:27.729270,277
fd4ef62d451c17fe,https://zw.linkedin.com/jobs/view/go-golang-developer-remote-at-yo-it-consulting-4444814572,Go/Golang Developer - Remote,,scraped,2026-07-26T07:50:30.437662,
7f77b9fd8d9395c2,https://zw.linkedin.com/jobs/view/drupal-web-developer-at-odixcity-consulting-4445388100,Drupal web developer,Odixcity Consulting,posted,2026-07-26T07:50:41.770991,279
93f9857eda011b5b,https://zw.linkedin.com/jobs/view/logistics-supply-chain-management-expert-remote-at-yo-it-consulting-4444809617,Logistics & Supply Chain Management Expert - Remote,,scraped,2026-07-26T11:49:24.141280,
f2cb3957dceff6a6,https://zw.linkedin.com/jobs/view/ecd-teacher-2-full-time-post-at-midlands-state-university-4445232511,ECD Teacher (2 Full Time Post),Midlands State University,posted,2026-07-26T11:50:02.246790,281
97b11c89ebca4a52,https://zw.linkedin.com/jobs/view/b2b-sales-executives-at-callsexperts-4445604725,B2B Sales Executives,Callsexperts,posted,2026-07-26T15:53:06.578760,283
1ff68cdd4eae77fb,https://zw.linkedin.com/jobs/view/story-teller-at-odixcity-consulting-4445292441,Story teller,Odixcity Consulting,posted,2026-07-27T10:58:10.462518,285
01a1fef9d7336b4a,https://zw.linkedin.com/jobs/view/illustrator-at-odixcity-consulting-4445287628,Illustrator,Odixcity Consulting,posted,2026-07-27T10:58:22.284771,287
bf7781fe9a414a5c,https://zw.linkedin.com/jobs/view/professional-growth-at-ipswich-holistic-community-care-4442836207,Professional Growth,,scraped,2026-07-27T10:58:24.580184,
78a3be983754db5e,https://zw.linkedin.com/jobs/view/c%2B%2B-open-source-contributor-remote-at-yo-it-consulting-4444851609,C++ Open Source Contributor - Remote,,scraped,2026-07-27T10:58:46.154847,
63ad9fde9707ae04,https://zw.linkedin.com/jobs/view/webflow-developer-at-odixcity-consulting-4445655621,Webflow Developer,Odixcity Consulting,posted,2026-07-27T10:58:57.008275,289
41f1cf9024f9bd2f,https://zw.linkedin.com/jobs/view/python-open-source-contributor-remote-at-yo-it-consulting-4444858578,Python Open Source Contributor - Remote,,scraped,2026-07-27T10:58:59.575308,
f392ac0379027752,https://zw.linkedin.com/jobs/view/communication-mastery-at-impact-leadership-collective-4445126619,Communication Mastery,Impact Leadership Collective,posted,2026-07-27T18:05:19.133930,291
e4d1e53a5483fda7,https://zw.linkedin.com/jobs/view/training-at-sogo-4445957245,Training,,scraped,2026-07-27T18:05:25.578999,
fc49b585eb0ea029,https://zw.linkedin.com/jobs/view/sales-reprsentative-at-belgravia-medicals-4442844171,Sales Reprsentative,Belgravia Medicals,posted,2026-07-27T18:05:48.606387,293
8e2e6931b143e162,https://zw.linkedin.com/jobs/view/rlhf-specialist-at-odixcity-consulting-4445651928,RLHF Specialist,Odixcity Consulting,posted,2026-07-27T18:05:58.653207,295
f0030d5f50de9247,https://zw.linkedin.com/jobs/view/financial-analyst-at-precision-recruitment-international-4441092862,Financial Analyst,,scraped,2026-07-27T18:06:03.262964,
a137252f29f81352,https://zw.linkedin.com/jobs/view/corporate-governance-officer-at-tempcor-holdings-4442867671,Corporate Governance Officer,Tempcor Holdings,posted,2026-07-27T18:06:18.896473,297
d3ac1ccf464334fc,https://zw.linkedin.com/jobs/view/cms-developer-at-odixcity-consulting-4445656606,CMS Developer,Odixcity Consulting,posted,2026-07-27T18:06:29.769443,195
1b9065e167b7f744,https://zw.linkedin.com/jobs/view/prenatal-senior-account-executive-at-billiontoone-4445266466,Prenatal Senior Account Executive,BillionToOne,posted,2026-07-27T18:06:45.524159,299
ca94ff07b2f39d9d,https://zw.linkedin.com/jobs/view/handyman-at-rainbow-tourism-group-4445927292,Handyman,,scraped,2026-07-28T10:12:00.651907,
d0c6ecfa0a852721,https://zw.linkedin.com/jobs/view/biology-expert-remote-at-yo-it-consulting-4444649214,Biology Expert - Remote,,scraped,2026-07-28T10:12:11.014951,
5d2ac7111f0e8aec,https://zw.linkedin.com/jobs/view/architect-cad-construction-documentation-remote-at-yo-it-consulting-4444776487,Architect CAD & Construction Documentation - Remote,,scraped,2026-07-28T10:12:23.542616,
eec262f30f330896,https://zw.linkedin.com/jobs/view/graduate-trainee-international-relations-unit-1-post-at-midlands-state-university-4444933480,"GRADUATE TRAINEE, INTERNATIONAL RELATIONS UNIT (1 POST)",Midlands State University,posted,2026-07-28T10:12:41.279298,301
2bb42552e0dd2565,https://zw.linkedin.com/jobs/view/contract-specialist-remote-at-yo-it-consulting-4444805654,Contract Specialist - Remote,,scraped,2026-07-28T10:12:58.225524,
5453bb6624bfbec8,https://zw.linkedin.com/jobs/view/frontend-software-engineer-remote-at-yo-it-consulting-4445423509,Frontend Software Engineer - Remote,,scraped,2026-07-28T10:13:04.784216,
567d22851ae406e1,https://zw.linkedin.com/jobs/view/senior-individual-giving-acquisition-officer-mat-cover-at-christian-aid-zimbabwe-4445418968,Senior Individual Giving Acquisition Officer (Mat Cover),,scraped,2026-07-28T10:13:11.129337,
212624eb291792a5,https://zw.linkedin.com/jobs/view/web-analytics-specialist-at-odixcity-consulting-4446188585,Web Analytics Specialist,Odixcity Consulting,posted,2026-07-28T10:13:25.978503,303
3db92c26c071cd35,https://zw.linkedin.com/jobs/view/client-controllers-at-hodges-hergenrader-llp-4445433686,Client Controllers,"Hodges &amp; Hergenrader, LLP",posted,2026-07-28T10:13:43.054969,305
bd86b34f1c6e57a9,https://zw.linkedin.com/jobs/view/why-cyclical-unemployment-occurs-and-4-ways-to-protect-yourself-from-it-at-leaders-media-4445450602,Why Cyclical Unemployment Occurs and 4 Ways to Protect Yourself From It,Leaders Media,posted,2026-07-28T10:13:53.914328,307
31f71b8fec3ed825,https://zw.linkedin.com/jobs/view/how-adaptability-can-make-or-break-your-career-in-the-coming-years-at-leaders-media-4445448794,How Adaptability Can Make or Break Your Career in the Coming Years,Leaders Media,posted,2026-07-28T10:14:02.884380,309
c89d5694f3cee2eb,https://zw.linkedin.com/jobs/view/group-corporate-affairs-manager-at-health-shenanigans-4446152899,Group Corporate Affairs Manager,Health Shenanigans,posted,2026-07-28T10:14:22.035515,311
e3e83a04ec176814,https://zw.linkedin.com/jobs/view/building-manager-facilities-caretaker-at-old-mutual-south-africa-4445711309,Building Manager/Facilities Caretaker,Old Mutual South Africa,posted,2026-07-28T17:13:58.220900,313
0ca9e762d11a278a,https://zw.linkedin.com/jobs/view/developing-players-using-position-specific-training-at-fifa-training-centre-4445708629,Developing players using position-specific training,,scraped,2026-07-28T17:14:06.643156,
fff7ff68eefaee9e,https://zw.linkedin.com/jobs/view/facilities-administration-at-old-mutual-south-africa-4445985345,Facilities Administration,Old Mutual South Africa,posted,2026-07-28T17:14:44.897263,315
a4ea9347cb450911,https://zw.linkedin.com/jobs/view/sr-officer-global-m-e-intl-at-international-medical-corps-4446310419,"Sr Officer, Global M/E INTL",International Medical Corps,posted,2026-07-28T17:14:53.816253,317
acc7e0f1b06ec821,https://zw.linkedin.com/jobs/view/principal-registered-agent-at-dingamuzi-real-estate-4442821307,Principal Registered Agent,,scraped,2026-07-28T17:14:58.367972,
bda4521ddae74f93,https://zw.linkedin.com/jobs/view/group-chief-executive-officer-ceo-at-health-shenanigans-4446168740,Group Chief Executive Officer (CEO),Health Shenanigans,posted,2026-07-28T21:47:50.862605,319
d8e87b9b9c3b8cab,https://zw.linkedin.com/jobs/view/executive-assistant-to-the-group-chief-executive-officer-at-health-shenanigans-4446158909,Executive Assistant to the Group Chief Executive Officer,Health Shenanigans,posted,2026-07-28T21:48:10.013162,321
27d859cf054db9f9,https://zw.linkedin.com/jobs/view/https-rovorone-com-listing-que-n-jaz-at-rovorone-4442869403,https://rovorone.com/listing/que-n-jaz/,Rovorone,posted,2026-07-28T21:48:21.283653,323
74900c650e15a0e2,https://zw.linkedin.com/jobs/view/uk-influencing-lead-at-christian-aid-zimbabwe-4445432010,UK Influencing Lead,,scraped,2026-07-28T21:48:24.826125,
4c5ef7aa28f03f00,https://zw.linkedin.com/jobs/view/devops-engineer-annotator-at-odixcity-consulting-4446174707,Devops Engineer Annotator,Odixcity Consulting,posted,2026-07-28T21:49:21.326553,325
239a83bec02f648d,https://zw.linkedin.com/jobs/view/developing-central-midfielders-individual-actions-at-fifa-training-centre-4445711609,Developing central midfielders: Individual actions,,scraped,2026-07-28T21:49:23.926319,
446cfbe021a0cdd2,https://zw.linkedin.com/jobs/view/rust-open-source-contributor-remote-at-yo-it-consulting-4444864567,Rust Open Source Contributor - Remote,,scraped,2026-07-28T21:49:38.889723,
445ad3e9686b9573,https://zw.linkedin.com/jobs/view/local-engineering-manager-ti-civil-works-4443674838,Local Engineering Manager (TI & Civil Works),zte zimbabwe,posted,2026-07-29T08:05:57.539727,327
b5513d1cac4c2e18,https://zw.linkedin.com/jobs/view/advocacy-officer-at-job-connect-4446556880,Advocacy Officer,Job Connect,posted,2026-07-29T08:06:06.602655,329
13ab6f3ff8e73a1f,https://zw.linkedin.com/jobs/view/golang-open-source-contributor-remote-at-yo-it-consulting-4444868589,Golang Open Source Contributor - Remote,,scraped,2026-07-29T08:06:11.314171,
c55adecd5e014f3a,https://zw.linkedin.com/jobs/view/foreman-mechanical-ug-at-valterra-platinum-4446558839,Foreman Mechanical UG,Valterra Platinum,posted,2026-07-29T08:06:27.591756,331
8bc5f1cb32f468d9,https://zw.linkedin.com/jobs/view/require-a-district-sales-agents-in-harare-zimbabwe-at-testhiring-4446073593,"Require a DISTRICT SALES AGENTS in Harare, Zimbabwe",,scraped,2026-07-29T16:04:12.582060,
8fbec24f4a736b1c,https://zw.linkedin.com/jobs/view/warehouse-operative-%E2%80%93-etero-metal-pvt-ltd-at-etero-metal-4443697482,WAREHOUSE OPERATIVE – ETERO METAL (PVT) LTD,etero metal,posted,2026-07-29T16:04:27.997425,333
7649526f0b5c617b,https://zw.linkedin.com/jobs/view/sales-development-representative-at-odixcity-consulting-4446193442,Sales Development Representative,Odixcity Consulting,posted,2026-07-29T16:04:44.087950,335
47b523253cba72da,https://zw.linkedin.com/jobs/view/project-manager-women-s-land-for-peace-at-christian-aid-zimbabwe-4446063710,Project Manager - Women's Land for Peace,,scraped,2026-07-29T16:04:52.729352,
eb67d3fc9edd6eb5,https://zw.linkedin.com/jobs/view/zimbabwe-online-language-school-franchise-partnership-at-lingua-learn-franchise-group-4444108787,Zimbabwe Online Language School Franchise Partnership,Lingua Learn Franchise Group,posted,2026-07-29T16:05:24.383190,191
8fd1e768194d0cb5,https://zw.linkedin.com/jobs/view/locally-led-anticipatory-action-llaa-coordinator-at-christian-aid-zimbabwe-4446061688,Locally Led Anticipatory Action (LLAA) Coordinator,,scraped,2026-07-29T20:17:34.726978,
d9e359e008aba1e4,https://zw.linkedin.com/jobs/view/script-writer-at-odixcity-consulting-4445660567,Script writer,Odixcity Consulting,posted,2026-07-30T07:50:34.425098,337
c4e164f769f672cd,https://zw.linkedin.com/jobs/view/legal-assistant-at-odixcity-consulting-4446541356,Legal Assistant,Odixcity Consulting,posted,2026-07-30T07:50:50.013021,339
c3d7a11c5c424d54,https://zw.linkedin.com/jobs/view/precision-strategy-growth-at-vertex-va-4446719553,Precision. Strategy. Growth.,Vertex VA,posted,2026-07-30T07:51:23.501643,341
362ff6de73bffca8,https://zw.linkedin.com/jobs/view/head-of-procurement-at-upman-placements-4444526117,Head of Procurement,,scraped,2026-07-30T07:51:42.265823,
1b25c8b94592456d,https://zw.linkedin.com/jobs/view/require-a-grader-operators-at-harare-zimbabwe-at-testhiring-4446757750,"Require a Grader Operators at Harare, Zimbabwe",,scraped,2026-07-30T13:19:59.360833,
cb65e31320f9ce16,https://zw.linkedin.com/jobs/view/require-a-facilities-administration-in-harare-zimbabwe-at-testhiring-4446751812,"Require a Facilities Administration in Harare, Zimbabwe",,scraped,2026-07-30T13:20:11.003983,
7551a6abff442a56,https://zw.linkedin.com/jobs/view/procurement-officer-at-head-hunters-international-consultancy-4444130292,Procurement Officer,Head Hunters International Consultancy,posted,2026-07-30T13:20:33.681491,343
97d68b4bdeb082a9,https://zw.linkedin.com/jobs/view/excel-specialist-at-odixcity-consulting-4444503842,Excel Specialist,Odixcity Consulting,posted,2026-07-30T19:09:54.112622,345
3404760303760bdc,https://zw.linkedin.com/jobs/view/act-rural-fire-service-at-act-fire-rescue-4443287090,ACT Rural Fire Service,,scraped,2026-07-30T19:10:04.488369,
71e929492a5e56cb,https://zw.linkedin.com/jobs/view/housekeeper-4446909553,Housekeeper,INDUSTRIAL SOFTCARE ZIMBABWE (PRIVATE) LIMITED,posted,2026-07-30T23:38:38.092015,347
3aee93fe40468668,https://zw.linkedin.com/jobs/view/product-manager-insuretech-at-old-mutual-south-africa-4447041371,Product Manager - InsureTech,Old Mutual South Africa,posted,2026-07-30T23:39:01.178410,349
41a54ae2e482beb7,https://zw.linkedin.com/jobs/view/concession-volunteer-at-duluth-heritage-sports-center-4447022883,Concession Volunteer,DULUTH HERITAGE SPORTS CENTER,posted,2026-07-30T23:39:11.110411,351
97d78572cca4248e,https://zw.linkedin.com/jobs/view/require-a-building-manager-in-harare-zimbabwe-at-testhiring-4446768584,"Require a Building Manager in Harare, Zimbabwe",,scraped,2026-07-30T23:39:15.701540,
2fb148041f31a602,https://zw.linkedin.com/jobs/view/business-intelligence-developer-at-old-mutual-south-africa-4447054359,Business Intelligence Developer,Old Mutual South Africa,posted,2026-07-30T23:39:32.939654,353
40ba7ffbe293cca4,https://zw.linkedin.com/jobs/view/require-a-pneumatic-roller-operator-in-harare-zimbabwe-at-testhiring-4446754816,"Require a Pneumatic Roller Operator in Harare, Zimbabwe",,scraped,2026-07-30T23:39:39.585726,
4495901c54369721,https://zw.linkedin.com/jobs/view/require-a-steel-roller-operator-in-harare-zimbabwe-at-testhiring-4446762696,"Require a Steel Roller Operator in Harare, Zimbabwe",,scraped,2026-07-30T23:39:46.305135,
00619d07b2d225db,https://zw.linkedin.com/jobs/view/senior-technician-1-post-at-midlands-state-university-4444918920,Senior Technician (1 Post),Midlands State University,posted,2026-07-30T23:40:00.771392,355
a1ea3a197aeb8a3e,https://zw.linkedin.com/jobs/view/group-quantitative-and-financial-risk-officer-at-old-mutual-south-africa-4447051375,Group Quantitative and Financial Risk Officer,Old Mutual South Africa,posted,2026-07-30T23:40:13.703742,357
9bc081f2d6251d71,https://zw.linkedin.com/jobs/view/require-a-front-office-accounts-administrator-in-harare-zimbabwe-at-testhiring-4446975567,"Require a FRONT OFFICE & ACCOUNTS ADMINISTRATOR in Harare, Zimbabwe",,scraped,2026-07-31T10:07:59.085095,
a3e4916598dd430c,https://zw.linkedin.com/jobs/view/require-an-accounting-clerk-in-harare-zimbabwe-at-testhiring-4446985374,"Require an Accounting Clerk in Harare, Zimbabwe",,scraped,2026-07-31T10:08:24.784200,
6040714034bc0499,https://zw.linkedin.com/jobs/view/require-a-team-leader-in-harare-zimbabwe-at-testhiring-4446991311,"Require a Team leader in Harare,Zimbabwe",,scraped,2026-07-31T10:08:35.484028,
b6589878b969156c,https://zw.linkedin.com/jobs/view/require-an-information-management-associate-in-harare-zimbabwe-at-testhiring-4446985426,"Require an Information Management Associate in Harare,Zimbabwe",,scraped,2026-07-31T10:08:42.180852,
af70194460a9db9a,https://zw.linkedin.com/jobs/view/require-a-strategic-communication-in-harare-zimbabwe-at-testhiring-4446996242,"Require a Strategic Communication in Harare , Zimbabwe",,scraped,2026-07-31T10:08:48.512523,
fdfc1af60921e777,https://zw.linkedin.com/jobs/view/warehouse-operator-at-sandvik-4445029380,Warehouse Operator,,scraped,2026-07-31T10:08:54.783933,
985a0fbc40e6cdea,https://zw.linkedin.com/jobs/view/require-a-senior-graphic-designer-in-gweru-zimbabwe-at-testhiring-4446764623,"Require a Senior Graphic Designer in Gweru,Zimbabwe",,scraped,2026-07-31T10:09:02.296070,
86b6e1dd9d678c11,https://zw.linkedin.com/jobs/view/account-executive-senior-account-executive-at-cypress-technology-advisors-4446966194,Account Executive / Senior Account Executive,Cypress Technology Advisors,posted,2026-07-31T10:09:18.981851,359
69998a2dd3f8420c,https://zw.linkedin.com/jobs/view/require-a-drhowo-chargehand-in-harare-zimbabwe-at-testhiring-4446997222,"Require a DRHOWO CHARGEHAND in Harare,Zimbabwe",,scraped,2026-07-31T10:09:21.320545,
d9978343ace26bfc,https://zw.linkedin.com/jobs/view/front-end-loader-operator-at-valterra-platinum-4446573017,Front End Loader Operator,Valterra Platinum,posted,2026-07-31T10:09:51.832713,361
c0c4d289ad8cf74e,https://zw.linkedin.com/jobs/view/relationship-manager-chinese-desk-at-cbz-holdings-limited-4446735531,"RELATIONSHIP MANAGER, CHINESE DESK",,scraped,2026-07-31T10:09:58.776306,
20ca23bf3c704d29,https://zw.linkedin.com/jobs/view/data-engineer-at-old-mutual-south-africa-4447044370,Data Engineer,Old Mutual South Africa,posted,2026-07-31T10:10:15.968097,363
fc6bcf78861ed7b6,https://zw.linkedin.com/jobs/view/delegate-acquisition-at-the-vault-spaces-4445058493,Delegate Acquisition,The Vault Spaces,posted,2026-07-31T17:18:29.123712,365
f1d8be5c079b854e,https://zw.linkedin.com/jobs/view/require-a-personal-assistant-in-harare-zimbabwe-at-testhiring-4446994302,"Require a Personal Assistant in Harare,Zimbabwe",,scraped,2026-07-31T17:19:01.800108,
c945f622a2efd611,https://zw.linkedin.com/jobs/view/require-a-technician-in-zvishavane-zimbabwe-at-testhiring-4446991732,"Require a Technician in Zvishavane, Zimbabwe",,scraped,2026-07-31T17:19:13.419363,
2e08c0e45772df80,https://zw.linkedin.com/jobs/view/require-a-portfolio-manager-in-harare-zimbabwe-at-testhiring-4446987836,"Require a Portfolio Manager in Harare, Zimbabwe",,scraped,2026-07-31T17:19:20.118469,
9f41ae30826e5338,https://zw.linkedin.com/jobs/view/require-a-consultant-gbvims-development-in-harare-zimbabwe-at-testhiring-4446984767,"Require a Consultant - GBVIMS Development in Harare , Zimbabwe",,scraped,2026-07-31T17:19:26.695897,
0c1426cb9698420e,https://zw.linkedin.com/jobs/view/require-a-production-supervisor-in-harare-zimbabwe-at-testhiring-4446982447,"Require a PRODUCTION SUPERVISOR in Harare,Zimbabwe",,scraped,2026-07-31T17:19:33.312296,
9c6bee47324b67c0,https://zw.linkedin.com/jobs/view/require-a-programme-officer-in-harare-zimbabwe-at-testhiring-4446985894,"Require a Programme Officer in Harare, Zimbabwe",,scraped,2026-07-31T17:19:40.612384,
3ebb502dd82ff80e,https://zw.linkedin.com/jobs/view/require-a-communications-assistant-in-harare-zimbabwe-at-testhiring-4446989447,"Require a Communications Assistant in Harare , Zimbabwe",,scraped,2026-07-31T17:19:49.190149,
20f8076a626b70af,https://zw.linkedin.com/jobs/view/reflecting-on-quiet-quitting%E2%80%94one-year-later-at-leaders-media-4445450596,Reflecting On Quiet Quitting—One Year Later,Leaders Media,posted,2026-07-31T17:20:04.566593,367
20ea1d32e65f4c49,https://zw.linkedin.com/jobs/view/require-a-senior-technician-in-bulawayo-zimbabwe-at-testhiring-4446992694,"Require a  Senior Technician in Bulawayo, Zimbabwe",,scraped,2026-07-31T21:51:33.705446,
80d2ffdfbe231c61,https://zw.linkedin.com/jobs/view/hybrid-pre-sales-and-post-sales-solutions-engineer-senior-solutions-engineer-at-cypress-technology-advisors-4446953452,Hybrid (Pre-Sales and Post-Sales) Solutions Engineer / Senior Solutions Engineer,Cypress Technology Advisors,posted,2026-07-31T21:51:51.094478,369
c97638ec0a4ea14a,https://zw.linkedin.com/jobs/view/senior-freecad-engineer-remote-at-yo-it-consulting-4446994336,Senior FreeCAD Engineer - Remote,,scraped,2026-07-31T21:51:53.669472,
61b15b44b53e8155,https://zw.linkedin.com/jobs/view/mining-mechanical-engineer-at-precision-recruitment-international-4443672805,Mining Mechanical Engineer,,scraped,2026-07-31T21:52:00.073405,
2b44eb923f120d7b,https://zw.linkedin.com/jobs/view/head-of-loss-control-at-precision-recruitment-international-4445088927,Head of Loss Control,,scraped,2026-07-31T21:52:06.224097,
1abd86bde4454d1c,https://zw.linkedin.com/jobs/view/valet-attendant-at-park-n-boston-4447733218,Valet Attendant,PARK N BOSTON,posted,2026-08-01T07:40:04.939755,371
e2f85b086cf312e3,https://zw.linkedin.com/jobs/view/marketing-manager-at-uplift-global-bpo-4445552509,Marketing Manager,Uplift Global BPO,posted,2026-08-01T07:40:19.309962,205
de576e105bbcf12d,https://zw.linkedin.com/jobs/view/require-a-deployment-handler-in-harare-zimbabwe-at-testhiring-4446979951,"Require a DEPLOYMENT HANDLER in Harare, Zimbabwe",,scraped,2026-08-01T07:40:27.837261,
6fc823ae5353d6d1,https://zw.linkedin.com/jobs/view/require-a-grants-and-compliance-officer-in-harare-zimbabwe-at-testhiring-4446998116,"Require a GRANTS AND COMPLIANCE OFFICER in Harare, Zimbabwe",,scraped,2026-08-01T07:40:39.381064,
7646c236c1eefb70,https://zw.linkedin.com/jobs/view/require-an-information-technology-officer-in-harare-zimbabwe-at-testhiring-4447449858,"Require an Information Technology Officer in Harare , Zimbabwe",,scraped,2026-08-01T07:40:46.089488,
4bbd8f1ad0a24339,https://zw.linkedin.com/jobs/view/ict-graduate-trainee-at-old-mutual-south-africa-4447061317,ICT Graduate Trainee,Old Mutual South Africa,posted,2026-08-01T07:41:13.777626,373
d2f3f5c554f8e535,https://zw.linkedin.com/jobs/view/require-a-professional-instructor-in-bulawayo-zimbabwe-at-testhiring-4447452747,"Require a PROFESSIONAL INSTRUCTOR in Bulawayo, Zimbabwe",,scraped,2026-08-01T07:41:18.124056,
df85fddff7c4f459,https://zw.linkedin.com/jobs/view/require-a-lecturer-in-zvishavane-zimbabwe-at-testhiring-4447469402,"Require a Lecturer in Zvishavane , Zimbabwe",,scraped,2026-08-01T07:41:24.449058,
c84bab1a2e306f0c,https://zw.linkedin.com/jobs/view/finance-officer-4446394214,Finance Officer,Afri-Group Incorporated,posted,2026-08-01T07:41:34.369111,147
95eb48561d2b9929,https://zw.linkedin.com/jobs/view/require-a-professor-in-zvishavane-zimbabwe-at-testhiring-4447460611,"Require a Professor in Zvishavane , Zimbabwe",,scraped,2026-08-01T07:41:36.657536,
6460687a2e650a3b,https://zw.linkedin.com/jobs/view/hr-assistant-at-totalenergies-4447501493,HR ASSISTANT,,scraped,2026-08-01T11:53:40.447269,
87b32e0b6061a634,https://zw.linkedin.com/jobs/view/require-a-grants-officer-in-gweru-zimbabwe-at-testhiring-4447460910,"Require a GRANTS OFFICER in Gweru, Zimbabwe",,scraped,2026-08-01T11:53:51.680270,
e553b7e6612f32c6,https://zw.linkedin.com/jobs/view/assistant-compliance-officer-at-old-mutual-south-africa-4447709183,Assistant Compliance Officer,Old Mutual South Africa,posted,2026-08-01T11:54:27.627155,375
ae3706f0ae6cf0e6,https://zw.linkedin.com/jobs/view/require-a-senior-finance-officer-in-harare-zimbabwe-at-testhiring-4447463889,"Require a Senior Finance Officer in Harare, Zimbabwe",,scraped,2026-08-01T11:54:30.355854,
f32b28cc3f2873c1,https://zw.linkedin.com/jobs/view/protection-coordinator-at-oxfam-4445808069,Protection Coordinator,,scraped,2026-08-01T11:54:41.214359,
d60b1b20a50bf638,https://zw.linkedin.com/jobs/view/salesperson-at-afridose-4443611255,Salesperson,,scraped,2026-08-01T11:54:51.297818,
31f0092f6f20789f,https://zw.linkedin.com/jobs/view/climate-and-economic-justice-technical-and-partnership-coordinator-at-oxfam-4445592215,Climate and Economic Justice Technical and Partnership Coordinator,,scraped,2026-08-01T11:54:58.052282,
aa94e28c9d5f3449,https://zw.linkedin.com/jobs/view/require-a-senior-lecturer-in-zvishavane-zimbabwe-at-testhiring-4447462557,"Require a Senior Lecturer in Zvishavane , Zimbabwe",,scraped,2026-08-01T11:55:05.924483,
b2c41a5934daf740,https://zw.linkedin.com/jobs/view/require-a-tech-product-developer-in-harare-zimbabwe-at-testhiring-4447464551,"Require a Tech Product Developer in Harare, Zimbabwe",,scraped,2026-08-01T11:55:13.716546,
848d924cf363453e,https://zw.linkedin.com/jobs/view/senior-enterprise-ai-productivity-specialist-remote-at-yo-it-consulting-4447418883,Senior Enterprise AI Productivity Specialist - Remote,,scraped,2026-08-01T11:55:20.364304,
f32bf34986b1e79e,https://zw.linkedin.com/jobs/view/require-an-associate-professor-in-zvishavane-zimbabwe-at-testhiring-4447456677,"Require an Associate Professor in Zvishavane , Zimbabwe",,scraped,2026-08-01T11:55:28.389100,
c5b5943fd5b4ff5f,https://zw.linkedin.com/jobs/view/pharmacist-at-mateorlabs-pvt-ltd-4445595619,Pharmacist,MateorLabs Pvt Ltd,posted,2026-08-01T15:49:04.176597,377
583cfa87bf3a4930,https://zw.linkedin.com/jobs/view/it-manager-at-mateorlabs-pvt-ltd-4445599564,IT Manager,MateorLabs Pvt Ltd,posted,2026-08-01T15:49:12.682833,379
b1e9728cece34711,https://zw.linkedin.com/jobs/view/training-placements-at-midlands-psychology-ltd-4445804082,Training Placements,,scraped,2026-08-01T15:49:15.017844,
c33a67bcff6a4d33,https://zw.linkedin.com/jobs/view/require-a-freelance-loan-officers-in-harare-zimbabwe-at-testhiring-4447468756,"Require a FREELANCE LOAN OFFICERS in Harare, Zimbabwe",,scraped,2026-08-01T15:49:23.124396,
b2689b206f57c390,https://zw.linkedin.com/jobs/view/operations-finance-coordinator-at-oxfam-4445808067,Operations & Finance Coordinator,,scraped,2026-08-01T15:49:34.490523,
121efa379339e202,https://zw.linkedin.com/jobs/view/require-a-hr-administration-graduate-intern-in-harare-zimbabwe-at-testhiring-4447458925,"Require a HR & ADMINISTRATION GRADUATE INTERN in Harare, Zimbabwe",,scraped,2026-08-01T15:49:44.813739,
33f2ec81456b04a8,https://zw.linkedin.com/jobs/view/require-a-director-in-harare-zimbabwe-at-testhiring-4447481009,"Require a DIRECTOR in Harare, Zimbabwe",,scraped,2026-08-01T15:50:03.343433,
8eb3714781948d0f,https://zw.linkedin.com/jobs/view/exchange-control-team-leader-at-old-mutual-south-africa-4447716099,Exchange Control Team Leader,Old Mutual South Africa,posted,2026-08-01T15:50:22.447081,381
62079619affcfe71,https://zw.linkedin.com/jobs/view/require-a-finance-graduate-intern-in-harare-zimbabwe-at-testhiring-4447459996,"Require a FINANCE GRADUATE INTERN in Harare, Zimbabwe",,scraped,2026-08-01T15:50:29.001081,
bc376d07fadd2827,https://zw.linkedin.com/jobs/view/program-quality-knowledge-management-coordinator-at-oxfam-4445808068,Program Quality Knowledge Management Coordinator,,scraped,2026-08-01T20:18:01.630571,
d7f6e39f9479a3d0,https://zw.linkedin.com/jobs/view/require-an-innovation-lead-in-gweru-zimbabwe-at-testhiring-4447457667,"Require an Innovation lead in Gweru, Zimbabwe",,scraped,2026-08-01T20:18:07.716498,
c5f2cd3d28c95a41,https://zw.linkedin.com/jobs/view/growth-marketeer-at-silk-4446109207,Growth Marketeer,,scraped,2026-08-01T20:18:43.468573,
d4c05cfdf27abf3e,https://zw.linkedin.com/jobs/view/tractor-driver-at-kiswishi-operations-4445814038,Tractor Driver,KISWISHI OPERATIONS,posted,2026-08-01T20:19:09.002401,383
9fa5667bd898c785,https://zw.linkedin.com/jobs/view/auxiliar-de-produ%C3%A7%C3%A3o-at-latic%C3%ADnios-taquari-ltda-me-4447512986,Auxiliar de Produção,Laticínios Taquari Ltda - ME,posted,2026-08-02T07:42:39.285394,385
06d84f39a32e848a,https://zw.linkedin.com/jobs/view/the-cimam-travel-grant-at-contemporary-and-4447864620,The CIMAM Travel Grant,,scraped,2026-08-02T07:42:43.928160,
f31a6f62d6555389,https://zw.linkedin.com/jobs/view/require-a-technical-consultant-in-harare-zimbabwe-at-testhiring-4447453788,"Require a Technical Consultant in Harare, Zimbabwe",,scraped,2026-08-02T07:43:06.352437,
de67a799a9540a83,https://zw.linkedin.com/jobs/view/compliance-data-analyst-at-old-mutual-south-africa-4447717047,Compliance Data Analyst,Old Mutual South Africa,posted,2026-08-02T07:43:40.574811,387
06c4fb156be70063,https://zw.linkedin.com/jobs/view/require-a-programme-assistant-in-harare-zimbabwe-at-testhiring-4446993739,"Require a Programme Assistant in Harare, Zimbabwe",,scraped,2026-08-02T11:51:04.576666,
3545914d77f9a5b9,https://zw.linkedin.com/jobs/view/require-a-technician-in-bulawayo-zimbabwe-at-testhiring-4446990795,"Require a Technician in Bulawayo, Zimbabwe",,scraped,2026-08-02T11:51:17.937213,
fc617e9baf3f6ff1,https://zw.linkedin.com/jobs/view/powerpoint-specialist-remote-at-yo-it-consulting-4447633220,Powerpoint Specialist - Remote,,scraped,2026-08-02T11:51:48.296403,
1be8b619807c31eb,https://zw.linkedin.com/jobs/view/require-a-gis-analyst-in-harare-zimbabwe-at-testhiring-4447464811,"Require a GIS Analyst in Harare, Zimbabwe",,scraped,2026-08-02T11:51:54.480416,
1fda508e80b9ddd1,https://zw.linkedin.com/jobs/view/respectful-workplace-at-fair-measures-inc-4447874366,Respectful Workplace,"Fair Measures, Inc.",posted,2026-08-02T11:52:15.508927,389
e54ede3da083a4b1,https://zw.linkedin.com/jobs/view/require-a-public-law-%E2%80%93-lecturer-in-manicland-zimbabwe-at-testhiring-4447461855,"Require a PUBLIC LAW – LECTURER in Manicland, Zimbabwe",,scraped,2026-08-02T11:52:23.793183,
b23f24148ca1fa3f,https://zw.linkedin.com/jobs/view/marketing-and-communications-intern-at-studyapplyportal-com-4445859192,Marketing and Communications intern,,scraped,2026-08-02T15:53:35.778211,
3e6cdb2d6e3cb70a,https://zw.linkedin.com/jobs/view/factoring-manager-at-cbz-holdings-limited-4448103525,FACTORING MANAGER,,scraped,2026-08-02T20:20:26.896508,
3af60f537093dc21,https://zw.linkedin.com/jobs/view/require-a-staff-development-fellow-in-zvishane-zimbabwe-at-testhiring-4447480040,"Require a Staff Development Fellow in Zvishane, Zimbabwe",,scraped,2026-08-02T20:21:15.589439,
95cf17a03c769ab9,https://zw.linkedin.com/jobs/view/github-contributor-remote-at-yo-it-consulting-4447620992,GitHub Contributor - Remote,,scraped,2026-08-02T23:02:41.079077,
6bbf704fefac9d1c,https://zw.linkedin.com/jobs/view/parttime-and-full-time-job-in-zimbabwe-at-air-zimbabwe-private-limited-4445879489,Parttime and Full time job in Zimbabwe,,scraped,2026-08-03T07:37:17.673171,
a3caa7597e797c9f,https://zw.linkedin.com/jobs/view/word-and-pdf-experts-remote-at-yo-it-consulting-4447431122,Word and PDF Experts - Remote,,scraped,2026-08-03T15:09:10.110177,
c54a03f31b85f001,https://zw.linkedin.com/jobs/view/sales-marketing-manager-at-africa-software-architects-4446209475,Sales & Marketing Manager,Africa Software Architects,posted,2026-08-03T15:10:10.736458,391
226dc7a5a08b5d4e,https://zw.linkedin.com/jobs/view/data-science-expert-remote-at-yo-it-consulting-4447636158,Data Science Expert - Remote,,scraped,2026-08-03T15:10:19.364981,
5b9a370103d289b6,https://zw.linkedin.com/jobs/view/systems-engineer-at-old-mutual-south-africa-4448320424,Systems Engineer,Old Mutual South Africa,posted,2026-08-03T18:00:43.995762,393
6800ac402a8a237f,https://zw.linkedin.com/jobs/view/b2b-sales-executive-%E2%80%93-remote-est-hours-at-callsexperts-4446222040,B2B Sales Executive – Remote | EST Hours,Callsexperts,posted,2026-08-03T18:01:05.873552,395
68c9023d9d93b884,https://zw.linkedin.com/jobs/view/engineering-manager%EF%BC%88telcom-projects-wireless-mw-ipran-%EF%BC%89-4446219264,Engineering Manager（Telcom projects:Wireless/MW/IPRAN)）,ZTE ZIMBABWE,posted,2026-08-03T18:01:13.571057,397
2b9cde64292b3914,https://zw.linkedin.com/jobs/view/orthopaedic-nurse-at-utano-africa-4445869839,Orthopaedic Nurse,,scraped,2026-08-03T18:01:16.205390,
69fb3e9cdf9b38a5,https://zw.linkedin.com/jobs/view/imagens-para-pdf-at-nadas-ai-4448601386,Imagens para PDF,NADAS AI,posted,2026-08-03T19:52:09.845375,399
381f9dd750aa88c6,https://zw.linkedin.com/jobs/view/excel-specialist-remote-at-yo-it-consulting-4447137502,Excel Specialist - Remote,,scraped,2026-08-03T19:52:26.405152,
cf193472c0df1936,https://zw.linkedin.com/jobs/view/facilities-specialist-at-autograph-facilities-management-4446250520,Facilities Specialist,,scraped,2026-08-04T03:28:05.698757,
b3ac46a7a6dd144f,https://zw.linkedin.com/jobs/view/software-developer-internship-at-earthasoft-parcellar-4446279927,Software Developer Internship,Earthasoft | Parcellar,posted,2026-08-04T06:37:03.455336,401
85b650c34b8eb190,https://zw.linkedin.com/jobs/view/field-technician-at-minara-resources-pvt-4446623326,"Field, Technician",Minara Resources Pvt,posted,2026-08-04T14:34:30.157478,403
5f7a3ee07d2a318c,https://zw.linkedin.com/jobs/view/fraud-investigator-at-crowe-zimbabwe-4446621520,Fraud Investigator,,scraped,2026-08-04T14:34:38.877529,
034bb38cd1c26262,https://zw.linkedin.com/jobs/view/student-counselors-at-craydel-4446636187,Student counselors,,scraped,2026-08-04T14:34:53.809827,
b6a82c34765b86e2,https://zw.linkedin.com/jobs/view/restauarant-assistant-manager-4446645675,Restauarant Assistant Manager,Cypress Construction,posted,2026-08-04T14:35:49.398569,405
a23733b405dfc4be,https://zw.linkedin.com/jobs/view/social-media-marketing-intern-at-abmodas-productions-4446670227,Social Media Marketing Intern,,scraped,2026-08-04T17:57:55.863347,
5f5fe2224fb5bec5,https://zw.linkedin.com/jobs/view/salesperson-at-tall-grass-media-4446664645,Salesperson,,scraped,2026-08-04T17:58:36.299931,
1479eb3862d1a772,https://zw.linkedin.com/jobs/view/tertiary-horticulture-training-at-new-zealand-apples-and-pears-4446983313,Tertiary Horticulture Training,,scraped,2026-08-04T19:49:38.562511,
8497639f85b1a975,https://zw.linkedin.com/jobs/view/staff-development-fellow-2-posts-at-midlands-state-university-4449032479,Staff Development Fellow (2 Posts),Midlands State University,posted,2026-08-04T19:50:13.421846,407
afc8abccb28d2e51,https://zw.linkedin.com/jobs/view/lecturer-senior-lecturer-associate-professor-professor-1-post-at-midlands-state-university-4449047131,Lecturer/ Senior Lecturer/ Associate Professor/ Professor (1 Post),Midlands State University,posted,2026-08-04T19:50:34.011835,409
4771717af71ddf92,https://zw.linkedin.com/jobs/view/chemistry-lecturer-senior-lecturer-assistant-professor-professor-%E2%80%93-metallurgical-and-materials-department-1-post-zvishavane-campus-at-midlands-state-university-4449043314,"Chemistry Lecturer/Senior Lecturer/Assistant Professor/Professor – Metallurgical and Materials Department (1 Post), Zvishavane Campus",Midlands State University,posted,2026-08-04T19:50:53.682988,411
0341f94f3a2becee,https://zw.linkedin.com/jobs/view/metallurgical-engineering-lecturer-senior-lecturer-assistant-professor-professor-%E2%80%93-metallurgical-and-materials-department-1-post-zvishavane-campus-at-midlands-state-university-4449028886,"Metallurgical Engineering Lecturer/Senior Lecturer/Assistant Professor/Professor – Metallurgical and Materials Department (1 Post), Zvishavane Campus",Midlands State University,posted,2026-08-04T19:51:03.400397,413
5157113b523be2a7,https://zw.linkedin.com/jobs/view/lecturer-senior-lecturer-associate-professor-professor-1-post-at-midlands-state-university-4449041323,Lecturer/ Senior Lecturer/ Associate Professor/ Professor (1 Post),Midlands State University,posted,2026-08-04T21:21:44.262222,409
e45694f32b43a7f4,https://zw.linkedin.com/jobs/view/apply-for-growth-marketer-%E2%86%92-at-phaselink-4446679788,apply for growth marketer →,,scraped,2026-08-04T23:11:14.662712,
4c8bb0f417e6dd63,https://zw.linkedin.com/jobs/view/technician-1-post-at-midlands-state-university-4449044336,Technician (1 Post),Midlands State University,posted,2026-08-04T23:11:34.235760,415
d06eea866bd84505,https://zw.linkedin.com/jobs/view/leadership-training-at-linc-up-4449079445,Leadership Training,LINC UP,posted,2026-08-04T23:11:51.042706,417
042cb12a931938fc,https://zw.linkedin.com/jobs/view/our-industry-leading-training-program-for-all-phases-of-your-career-at-iad-berlin-lizenzpartner-georg-bartsch-gerstner-4449053838,"Our industry leading training program, for all phases of your career",,scraped,2026-08-04T23:11:59.636996,
ee18e7ae9a5e72e8,https://zw.linkedin.com/jobs/view/human-resources-generalist-at-pedros-4449086626,Human Resources Generalist,,scraped,2026-08-04T23:12:10.410959,
19c99191461593d0,https://zw.linkedin.com/jobs/view/professor-associate-professor-senior-lecturer-lecturer-1-post-at-midlands-state-university-4449033470,Professor/Associate Professor/Senior Lecturer/Lecturer (1 Post),Midlands State University,posted,2026-08-04T23:12:36.700514,419
4da23566e1fc0901,https://zw.linkedin.com/jobs/view/extractive-metallurgy-%E2%80%93-staff-development-fellow-1-posts-zvishavane-campus-at-midlands-state-university-4449041338,"Extractive Metallurgy – Staff Development Fellow (1 Posts), Zvishavane Campus",Midlands State University,posted,2026-08-04T23:12:46.809436,421
9f7c2a586725fee8,https://zw.linkedin.com/jobs/view/materials-engineering-%E2%80%93-staff-development-fellows-1-posts-zvishavane-campus-at-midlands-state-university-4449040287,"Materials Engineering – Staff Development Fellows (1 Posts), Zvishavane Campus",Midlands State University,posted,2026-08-04T23:12:56.469907,423
5f22261b1280ecd9,https://zw.linkedin.com/jobs/view/conectamos-personas-proyectos-y-capital-at-bona-sidus-4447333296,"Conectamos personas, proyectos y capital",,scraped,2026-08-05T03:23:06.383757,
fc9fd9e903f20608,https://zw.linkedin.com/jobs/view/developing-players-using-position-specific-training-at-fifa-training-centre-4449411771,Developing players using position-specific training,,scraped,2026-08-05T03:23:15.670731,
2622758be0213c7e,https://zw.linkedin.com/jobs/view/marketing-executive-at-infiap-4446693855,Marketing Executive,,scraped,2026-08-05T03:23:26.276607,
9583f6763d99ef94,https://zw.linkedin.com/jobs/view/communications-assistant-re-advertised-at-world-vision-4449429444,Communications Assistant (Re-Advertised),,scraped,2026-08-05T03:23:36.511551,
f9eeabc54c0f8506,https://zw.linkedin.com/jobs/view/steady-reps-at-dignitydesign-studio-4449421418,Steady Reps,dignityDesign.studio,posted,2026-08-05T03:23:58.837635,425
7ccce91304f397cf,https://zw.linkedin.com/jobs/view/digital-communications-officer-%E2%80%93-gweru-campus-at-midlands-state-university-4449027964,DIGITAL COMMUNICATIONS OFFICER – GWERU CAMPUS,Midlands State University,posted,2026-08-05T03:24:11.838825,427
3e86e03e9d0c4590,https://zw.linkedin.com/jobs/view/metallurgical-assay-%E2%80%93-technician-1-posts-zvishavane-campus-at-midlands-state-university-4449035458,"Metallurgical Assay – Technician (1 Posts), Zvishavane Campus",Midlands State University,posted,2026-08-05T03:24:49.443576,429
d6c75878cd1e204d,https://zw.linkedin.com/jobs/view/stock-controller-%E2%80%93-fixed-term-contract-kwekwe-campus-4-months-1-post-at-midlands-state-university-4449046265,STOCK CONTROLLER – FIXED TERM CONTRACT- KWEKWE CAMPUS- 4 MONTHS (1 POST),Midlands State University,posted,2026-08-05T03:25:10.270767,431
2cca6350771a652e,https://zw.linkedin.com/jobs/view/till-operator-fixed-term-contract-%E2%80%93-kwekwe-campus-%E2%80%93-4-months-2-posts-at-midlands-state-university-4449044323,TILL OPERATOR FIXED-TERM CONTRACT – KWEKWE CAMPUS – 4 MONTHS (2 POSTS),Midlands State University,posted,2026-08-05T03:25:20.207728,433
7e976f71493c9033,https://zw.linkedin.com/jobs/view/telone-national-data-centres-at-invest-zimbabwe-4448931232,TelOne National Data Centres,Invest Zimbabwe,posted,2026-08-05T06:36:40.459650,435
50f059bf6962079f,https://zw.linkedin.com/jobs/view/victoria-falls-luxury-eco-lodge-at-invest-zimbabwe-4448936067,Victoria Falls Luxury Eco-Lodge,Invest Zimbabwe,posted,2026-08-05T06:36:49.124906,437
fe2f3a858ade1d1c,https://zw.linkedin.com/jobs/view/solar-roof-tile-manufacturing-plant-at-invest-zimbabwe-4448927866,Solar Roof Tile Manufacturing Plant,Invest Zimbabwe,posted,2026-08-05T06:37:14.040971,439
ac856b4a735269c1,https://zw.linkedin.com/jobs/view/developing-central-midfielders-game-situations-at-fifa-training-centre-4449422431,Developing central midfielders: Game-situations,,scraped,2026-08-05T06:37:48.441090,
d6a7e25b4d867880,https://zw.linkedin.com/jobs/view/developing-central-midfielders-game-phases-at-fifa-training-centre-4449411760,Developing central midfielders: Game-phases,,scraped,2026-08-05T06:38:05.628593,
4109260eeea4cb47,https://zw.linkedin.com/jobs/view/harare-grade-a-commercial-tower-at-invest-zimbabwe-4448922942,Harare Grade-A Commercial Tower,Invest Zimbabwe,posted,2026-08-05T10:45:12.061475,441
7e0c3855073442b4,https://zw.linkedin.com/jobs/view/strategic-growth-partners-at-primustech-solutions-4449480188,Strategic Growth Partners,,scraped,2026-08-05T10:45:24.477503,
4f721904ca6faf41,https://zw.linkedin.com/jobs/view/regional-manager-qsr-at-precision-recruitment-international-4447349870,Regional Manager - QSR,,scraped,2026-08-05T10:45:31.195708,
a414ed27c3ba4535,https://zw.linkedin.com/jobs/view/legal-advisor-at-pyxus-international-inc-4448987316,Legal Advisor,"Pyxus International, Inc.",posted,2026-08-05T10:45:47.709413,443
d9d3eed0b4ac9daf,https://zw.linkedin.com/jobs/view/head-cloud-infrastructure-services-at-recruitment-matters-africa-pvt-ltd-4447945443,Head - Cloud Infrastructure & Services,,scraped,2026-08-05T10:45:50.293485,
19da6718f3e313ee,https://zw.linkedin.com/jobs/view/sports-psychologist-at-skill-switch-4448933966,Sports psychologist,Skill Switch,posted,2026-08-05T10:46:04.811632,445
552b17b1ea4b65a0,https://zw.linkedin.com/jobs/view/financial-advisor-%E2%80%93-bulawayo-zimbabwe-at-international-financial-advisor-jobs-4447347675,"Financial Advisor – Bulawayo, Zimbabwe",,scraped,2026-08-05T10:46:07.225966,
eadb815b3add89fe,https://zw.linkedin.com/jobs/view/por-que-ser-ator-expressa%2B%3F-at-date-produtora-4446283653,Por que ser ator Expressa+?,Date Produtora,posted,2026-08-05T10:46:21.920205,447
7b2ad5302b4e1040,https://zw.linkedin.com/jobs/view/harare-northern-ring-road-concession-at-invest-zimbabwe-4448931228,Harare Northern Ring Road Concession,Invest Zimbabwe,posted,2026-08-05T10:46:34.312784,449
eeaba6b6417f8120,https://zw.linkedin.com/jobs/view/sunway-city-hospitality-mixed-use-node-at-invest-zimbabwe-4448921955,Sunway City Hospitality & Mixed-Use Node,Invest Zimbabwe,posted,2026-08-05T10:46:47.294599,451
1f1b74e110c97d09,https://zw.linkedin.com/jobs/view/require-a-grants-and-compliance-officer-in-harare-zimbabwe-at-testhiring-4448974719,"Require a GRANTS AND COMPLIANCE OFFICER in Harare, Zimbabwe",,scraped,2026-08-05T10:46:51.807171,
e69dd99b8075c4da,https://zw.linkedin.com/jobs/view/goromonzi-lithium-concentrator-at-invest-zimbabwe-4448914985,Goromonzi Lithium Concentrator,Invest Zimbabwe,posted,2026-08-05T10:47:24.303676,453
4188b9cf3e937b91,https://zw.linkedin.com/jobs/view/coastal-resilience-practitioner-training-at-practitioner-exchange-for-effective-response-to-sea-level-rise-peers-4448597800,Coastal Resilience Practitioner Training,Practitioner Exchange for Effective Response to Sea Level Rise (PEERS),posted,2026-08-05T10:48:01.103518,455
4a0a42164e371917,https://zw.linkedin.com/jobs/view/momentum-at-redeemed-revenue-co-4449470996,Momentum,REDEEMED Revenue Co.,posted,2026-08-05T14:27:59.066369,457
e9896757b70ab4b3,https://zw.linkedin.com/jobs/view/the-cycle-ride-leader-at-movement-for-health-4449444936,The Cycle Ride Leader,,scraped,2026-08-05T14:28:07.508273,
6a822812b071a01e,https://zw.linkedin.com/jobs/view/gardening-and-landscaping-at-zimbo-menu-4448022059,Gardening and landscaping,Zimbo Menu,posted,2026-08-05T14:28:25.748199,459
e4d23d598d560181,https://zw.linkedin.com/jobs/view/developing-central-midfielders-individual-actions-at-fifa-training-centre-4449414756,Developing central midfielders: Individual actions,,scraped,2026-08-05T14:28:36.186662,
d4e80e999c8951f2,https://zw.linkedin.com/jobs/view/product-manager-at-luminapeak-4449476577,Product Manager,LuminaPeak,posted,2026-08-05T14:28:57.215328,229
586bb045bee9c4ec,https://zw.linkedin.com/jobs/view/customer-success-manager-at-luminapeak-4449477650,Customer Success Manager,LuminaPeak,posted,2026-08-05T14:29:09.461738,461
c1cfddc3aa911d97,https://zw.linkedin.com/jobs/view/software-developer-at-zimbo-menu-4448022058,Software Developer,Zimbo Menu,posted,2026-08-05T14:29:33.585214,463
3d207e803524d9cf,https://zw.linkedin.com/jobs/view/truck-drivers-europe-jobs-at-zimbo-menu-4448020048,Truck Drivers Europe Jobs,Zimbo Menu,posted,2026-08-05T14:29:46.954182,465
b9e09302433ff771,https://zw.linkedin.com/jobs/view/chemistry-%E2%80%93-technician-1-posts-zvishavane-campus-at-midlands-state-university-4449040289,"Chemistry – Technician (1 Posts), Zvishavane Campus",Midlands State University,posted,2026-08-05T14:30:22.775166,467
043e4c8a35dd3e3f,https://zw.linkedin.com/jobs/view/research-fellow-language-researcher-research-assistant-3-posts-chinese-mandarin-french-portuguese-at-midlands-state-university-4449467476,RESEARCH FELLOW/ LANGUAGE RESEARCHER/ RESEARCH ASSISTANT: 3 POSTS: (Chinese Mandarin / French / Portuguese),Midlands State University,posted,2026-08-05T14:30:44.800892,469
4d9f9ce2fa4ed83e,https://zw.linkedin.com/jobs/view/enterprise-sales-representative-at-mukuru-4449601311,Enterprise Sales Representative,Mukuru,posted,2026-08-05T14:31:00.053698,471
98904936502c8349,https://zw.linkedin.com/jobs/view/require-a-public-law-%E2%80%93-lecturer-in-manicland-zimbabwe-at-testhiring-4448971746,"Require a PUBLIC LAW – LECTURER in Manicland, Zimbabwe",,scraped,2026-08-05T14:31:06.658665,
350726787ed6b208,https://zw.linkedin.com/jobs/view/%F0%9F%93%9A-professional-training-at-formulize-incorporated-4449139498,📚 Professional Training,,scraped,2026-08-05T17:50:22.733451,
b3f7da91ee0ce389,https://zw.linkedin.com/jobs/view/digital-nomad-business-growth-strategist-at-roibyroy-4449121837,Digital Nomad Business Growth Strategist,RoibyRoy,posted,2026-08-05T17:50:45.440088,473
8e5cc546ab5126d1,https://zw.linkedin.com/jobs/view/walk-at-work-and-workplace-walk-leader-training-at-movement-for-health-4449463113,Walk at Work and Workplace Walk Leader Training,,scraped,2026-08-05T17:51:12.081550,
468455669af69079,https://zw.linkedin.com/jobs/view/%F0%9F%8E%AF-now-hiring-social-media-specialist-%E2%80%93-harare-zimbabwe-at-zimbo-menu-4448033004,"🎯 Now Hiring: Social Media Specialist – Harare, Zimbabwe",Zimbo Menu,posted,2026-08-05T17:51:43.621769,475
b5be42752b9ed094,https://zw.linkedin.com/jobs/view/agro-dealers-wanted-earn-%2415-profit-per-litre-at-zimbo-menu-4448016022,Agro-Dealers Wanted: Earn $15 Profit Per Litre,Zimbo Menu,posted,2026-08-05T17:52:41.187182,477
7730b82127072ef6,https://zw.linkedin.com/jobs/view/virtual-assistants-needed-%E2%80%93-work-remotely-at-zimbo-menu-4448012027,Virtual Assistants Needed – Work Remotely,Zimbo Menu,posted,2026-08-05T17:52:54.313215,479
75f1f8518858da82,https://zw.linkedin.com/jobs/view/beauty-skin-care-shop-attendant-4448019904,Beauty skin care shop attendant,Clothing start up,posted,2026-08-05T17:53:16.837421,481
ae61c7ae3a53be26,https://zw.linkedin.com/jobs/view/training-adoption-at-ativa-4449301364,Training & Adoption,Ativa,posted,2026-08-05T19:48:14.546821,235
450ed722e04be0a1,https://zw.linkedin.com/jobs/view/volunteer-speaker-at-christian-aid-zimbabwe-4448913458,Volunteer Speaker,,scraped,2026-08-05T19:48:25.063868,
3e036c5377f0c7cc,https://zw.linkedin.com/jobs/view/healthcare-assistant-hca-training-placement-program-at-sphedx-global-limited-4446237516,Healthcare Assistant (HCA) Training & Placement Program,SPHEDX GLOBAL LIMITED,posted,2026-08-05T19:48:55.734176,483
6bd3c40e9fde780a,https://zw.linkedin.com/jobs/view/personal-assistant-to-the-bank-md-at-cbz-holdings-limited-4449904146,Personal Assistant to the Bank MD,,scraped,2026-08-05T19:49:32.342558,
5e74322a831a7bac,https://zw.linkedin.com/jobs/view/buyer-edible-oils-division-at-precision-recruitment-international-4447373270,Buyer - Edible Oils Division,,scraped,2026-08-05T19:49:39.416058,
94617f408feb6d47,https://zw.linkedin.com/jobs/view/finance-interns-at-old-mutual-south-africa-4449672026,Finance Interns,Old Mutual South Africa,posted,2026-08-05T19:50:27.054264,485
a640e594cf655ae6,https://zw.linkedin.com/jobs/view/regional-internal-auditor-at-iita-cassavabreeding-4449150311,Regional Internal Auditor,IITA-CASSAVABREEDING,posted,2026-08-05T21:21:29.919104,487
0627d261fce18822,https://zw.linkedin.com/jobs/view/waiter-at-wilderness-4448047849,Waiter,,scraped,2026-08-05T21:21:32.254557,
c8cefefc0ef1a146,https://zw.linkedin.com/jobs/view/require-a-firm-patrol-leader-in-harare-zimbabwe-at-testhiring-4448964790,"Require a FIRM PATROL LEADER  in Harare, Zimbabwe",,scraped,2026-08-05T21:22:16.583563,
f0a03fa2adccb358,https://zw.linkedin.com/jobs/view/%F0%9F%8C%9F-professional-cv-writing-service-%E2%80%93-%245%F0%9F%8C%9F-at-zimbo-menu-4448020049,🌟 Professional CV Writing Service – $5🌟,Zimbo Menu,posted,2026-08-05T21:22:36.710494,489
